event_timestamp,OPT,ticker,option_exp,strike,option_right,bid_price,bid_size,ask_price,ask_size,time
2026-03-24 18:14:27.414432,,SPY,20260324,653,C,1.55,421,1.57,110,03/24/2026 14:14:27
2026-03-24 18:14:27.414484,,SPY,20260324,653,C,1.55,421,1.57,110,03/24/2026 14:14:27
2026-03-24 18:14:27.414522,,SPY,20260324,653,C,1.55,421,1.57,110,03/24/2026 14:14:27
2026-03-24 18:14:27.610226,,SPY,20260324,653,C,1.55,421,1.58,722,03/24/2026 14:14:27
2026-03-24 18:14:27.610282,,SPY,20260324,653,C,1.55,869,1.58,722,03/24/2026 14:14:27
2026-03-24 18:14:27.610336,,SPY,20260324,653,C,1.55,869,1.58,722,03/24/2026 14:14:27
2026-03-24 18:14:27.686541,,SPY,20260324,653,C,1.55,869,1.57,90,03/24/2026 14:14:27
2026-03-24 18:14:27.686578,,SPY,20260324,653,C,1.55,883,1.57,90,03/24/2026 14:14:27
2026-03-24 18:14:27.686589,,SPY,20260324,653,C,1.55,883,1.57,90,03/24/2026 14:14:27
2026-03-24 18:14:27.762166,,SPY,20260324,653,C,1.54,544,1.57,90,03/24/2026 14:14:27
2026-03-24 18:14:27.762197,,SPY,20260324,653,C,1.54,544,1.56,228,03/24/2026 14:14:27
2026-03-24 18:14:27.762222,,SPY,20260324,653,C,1.54,544,1.56,228,03/24/2026 14:14:27
2026-03-24 18:14:27.762248,,SPY,20260324,653,C,1.54,544,1.56,228,03/24/2026 14:14:27
2026-03-24 18:14:27.950669,,SPY,20260324,653,C,1.54,544,1.55,171,03/24/2026 14:14:27
2026-03-24 18:14:27.950696,,SPY,20260324,653,C,1.54,6,1.55,171,03/24/2026 14:14:27
2026-03-24 18:14:27.950721,,SPY,20260324,653,C,1.54,6,1.55,171,03/24/2026 14:14:27
2026-03-24 18:14:28.058792,,SPY,20260324,653,C,1.54,6,1.56,739,03/24/2026 14:14:28
2026-03-24 18:14:28.058815,,SPY,20260324,653,C,1.54,14,1.56,739,03/24/2026 14:14:28
2026-03-24 18:14:28.058840,,SPY,20260324,653,C,1.54,14,1.56,739,03/24/2026 14:14:28
2026-03-24 18:14:28.393115,,SPY,20260324,653,C,1.54,14,1.55,78,03/24/2026 14:14:28
2026-03-24 18:14:28.393123,,SPY,20260324,653,C,1.54,94,1.55,78,03/24/2026 14:14:28
2026-03-24 18:14:28.393131,,SPY,20260324,653,C,1.54,94,1.55,78,03/24/2026 14:14:28
2026-03-24 18:14:28.526152,,SPY,20260324,653,C,1.52,729,1.55,78,03/24/2026 14:14:28
2026-03-24 18:14:28.526160,,SPY,20260324,653,C,1.52,729,1.54,166,03/24/2026 14:14:28
2026-03-24 18:14:28.526167,,SPY,20260324,653,C,1.52,729,1.54,166,03/24/2026 14:14:28
2026-03-24 18:14:28.526174,,SPY,20260324,653,C,1.52,729,1.54,166,03/24/2026 14:14:28
2026-03-24 18:14:28.666686,,SPY,20260324,653,C,1.53,232,1.54,166,03/24/2026 14:14:28
2026-03-24 18:14:28.666722,,SPY,20260324,653,C,1.53,232,1.55,490,03/24/2026 14:14:28
2026-03-24 18:14:28.666752,,SPY,20260324,653,C,1.53,232,1.55,490,03/24/2026 14:14:28
2026-03-24 18:14:28.666779,,SPY,20260324,653,C,1.53,232,1.55,490,03/24/2026 14:14:28
2026-03-24 18:14:28.748021,,SPY,20260324,653,C,1.54,76,1.55,490,03/24/2026 14:14:28
2026-03-24 18:14:28.748052,,SPY,20260324,653,C,1.54,76,1.56,706,03/24/2026 14:14:28
2026-03-24 18:14:28.748076,,SPY,20260324,653,C,1.54,76,1.56,706,03/24/2026 14:14:28
2026-03-24 18:14:28.748101,,SPY,20260324,653,C,1.54,76,1.56,706,03/24/2026 14:14:28
2026-03-24 18:14:28.823907,,SPY,20260324,653,C,1.54,76,1.55,126,03/24/2026 14:14:28
2026-03-24 18:14:28.823917,,SPY,20260324,653,C,1.54,115,1.55,126,03/24/2026 14:14:28
2026-03-24 18:14:28.823927,,SPY,20260324,653,C,1.54,115,1.55,126,03/24/2026 14:14:28
2026-03-24 18:14:29.029398,,SPY,20260324,653,C,1.55,2,1.56,331,03/24/2026 14:14:29
2026-03-24 18:14:29.029413,,SPY,20260324,653,C,1.55,2,1.56,331,03/24/2026 14:14:29
2026-03-24 18:14:29.029426,,SPY,20260324,653,C,1.55,2,1.56,331,03/24/2026 14:14:29
2026-03-24 18:14:29.109956,,SPY,20260324,653,C,1.55,45,1.56,331,03/24/2026 14:14:29
2026-03-24 18:14:29.109986,,SPY,20260324,653,C,1.55,45,1.56,78,03/24/2026 14:14:29
2026-03-24 18:14:29.147578,,SPY,20260324,653,C,1.53,294,1.56,78,03/24/2026 14:14:29
2026-03-24 18:14:29.147608,,SPY,20260324,653,C,1.53,294,1.55,48,03/24/2026 14:14:29
2026-03-24 18:14:29.147632,,SPY,20260324,653,C,1.53,294,1.55,48,03/24/2026 14:14:29
2026-03-24 18:14:29.147657,,SPY,20260324,653,C,1.53,294,1.55,48,03/24/2026 14:14:29
2026-03-24 18:14:29.224842,,SPY,20260324,653,C,1.54,16,1.55,48,03/24/2026 14:14:29
2026-03-24 18:14:29.224851,,SPY,20260324,653,C,1.54,16,1.55,48,03/24/2026 14:14:29
2026-03-24 18:14:29.224859,,SPY,20260324,653,C,1.54,16,1.55,15,03/24/2026 14:14:29
2026-03-24 18:14:29.421264,,SPY,20260324,653,C,1.54,16,1.56,690,03/24/2026 14:14:29
2026-03-24 18:14:29.421289,,SPY,20260324,653,C,1.54,255,1.56,690,03/24/2026 14:14:29
2026-03-24 18:14:29.421314,,SPY,20260324,653,C,1.54,255,1.56,690,03/24/2026 14:14:29
2026-03-24 18:14:29.516753,,SPY,20260324,653,C,1.54,255,1.55,168,03/24/2026 14:14:29
2026-03-24 18:14:29.516777,,SPY,20260324,653,C,1.54,6,1.55,168,03/24/2026 14:14:29
2026-03-24 18:14:29.516801,,SPY,20260324,653,C,1.54,6,1.55,168,03/24/2026 14:14:29
2026-03-24 18:14:29.807473,,SPY,20260324,653,C,1.53,663,1.55,168,03/24/2026 14:14:29
2026-03-24 18:14:29.807489,,SPY,20260324,653,C,1.53,663,1.55,168,03/24/2026 14:14:29
2026-03-24 18:14:29.807501,,SPY,20260324,653,C,1.53,663,1.55,201,03/24/2026 14:14:29
2026-03-24 18:14:29.874362,,SPY,20260324,653,C,1.54,219,1.55,201,03/24/2026 14:14:29
2026-03-24 18:14:29.874409,,SPY,20260324,653,C,1.54,219,1.56,754,03/24/2026 14:14:29
2026-03-24 18:14:29.874456,,SPY,20260324,653,C,1.54,219,1.56,754,03/24/2026 14:14:29
2026-03-24 18:14:29.874484,,SPY,20260324,653,C,1.54,219,1.56,754,03/24/2026 14:14:29
2026-03-24 18:14:30.082015,,SPY,20260324,653,C,1.53,371,1.56,754,03/24/2026 14:14:30
2026-03-24 18:14:30.082048,,SPY,20260324,653,C,1.53,371,1.55,302,03/24/2026 14:14:30
2026-03-24 18:14:30.082073,,SPY,20260324,653,C,1.53,371,1.55,302,03/24/2026 14:14:30
2026-03-24 18:14:30.082099,,SPY,20260324,653,C,1.53,371,1.55,302,03/24/2026 14:14:30
2026-03-24 18:14:30.418481,,SPY,20260324,653,C,1.53,547,1.55,302,03/24/2026 14:14:30
2026-03-24 18:14:30.418508,,SPY,20260324,653,C,1.53,547,1.55,192,03/24/2026 14:14:30
2026-03-24 18:14:30.481574,,SPY,20260324,653,C,1.54,118,1.55,192,03/24/2026 14:14:30
2026-03-24 18:14:30.481604,,SPY,20260324,653,C,1.54,118,1.56,761,03/24/2026 14:14:30
2026-03-24 18:14:30.481628,,SPY,20260324,653,C,1.54,118,1.56,761,03/24/2026 14:14:30
2026-03-24 18:14:30.481653,,SPY,20260324,653,C,1.54,118,1.56,761,03/24/2026 14:14:30
2026-03-24 18:14:30.620399,,SPY,20260324,653,C,1.55,122,1.56,761,03/24/2026 14:14:30
2026-03-24 18:14:30.620438,,SPY,20260324,653,C,1.55,122,1.57,631,03/24/2026 14:14:30
2026-03-24 18:14:30.620471,,SPY,20260324,653,C,1.55,122,1.57,631,03/24/2026 14:14:30
2026-03-24 18:14:30.620499,,SPY,20260324,653,C,1.55,122,1.57,631,03/24/2026 14:14:30
2026-03-24 18:14:31.584987,,SPY,20260324,653,C,1.55,474,1.57,631,03/24/2026 14:14:31
2026-03-24 18:14:31.585011,,SPY,20260324,653,C,1.55,474,1.57,384,03/24/2026 14:14:31
2026-03-24 18:14:31.684085,,SPY,20260324,653,C,1.55,1043,1.57,384,03/24/2026 14:14:31
2026-03-24 18:14:31.684145,,SPY,20260324,653,C,1.55,1043,1.57,36,03/24/2026 14:14:31
2026-03-24 18:14:31.921031,,SPY,20260324,653,C,1.56,2,1.57,36,03/24/2026 14:14:31
2026-03-24 18:14:31.921059,,SPY,20260324,653,C,1.56,2,1.57,36,03/24/2026 14:14:31
2026-03-24 18:14:31.921086,,SPY,20260324,653,C,1.56,2,1.57,110,03/24/2026 14:14:31
2026-03-24 18:14:32.183094,,SPY,20260324,653,C,1.55,695,1.57,110,03/24/2026 14:14:32
2026-03-24 18:14:32.183125,,SPY,20260324,653,C,1.55,695,1.57,110,03/24/2026 14:14:32
2026-03-24 18:14:32.183138,,SPY,20260324,653,C,1.55,695,1.57,119,03/24/2026 14:14:32
2026-03-24 18:14:32.721523,,SPY,20260324,653,C,1.55,735,1.57,119,03/24/2026 14:14:32
2026-03-24 18:14:32.721565,,SPY,20260324,653,C,1.55,735,1.57,200,03/24/2026 14:14:32
2026-03-24 18:14:32.822700,,SPY,20260324,653,C,1.54,374,1.57,200,03/24/2026 14:14:32
2026-03-24 18:14:32.822731,,SPY,20260324,653,C,1.54,374,1.56,235,03/24/2026 14:14:32
2026-03-24 18:14:32.822755,,SPY,20260324,653,C,1.54,374,1.56,235,03/24/2026 14:14:32
2026-03-24 18:14:32.822810,,SPY,20260324,653,C,1.54,374,1.56,235,03/24/2026 14:14:32
2026-03-24 18:14:32.922202,,SPY,20260324,653,C,1.54,374,1.55,6,03/24/2026 14:14:32
2026-03-24 18:14:32.922225,,SPY,20260324,653,C,1.54,69,1.55,6,03/24/2026 14:14:32
2026-03-24 18:14:32.922250,,SPY,20260324,653,C,1.54,69,1.55,6,03/24/2026 14:14:32
2026-03-24 18:14:33.018252,,SPY,20260324,653,C,1.54,6,1.55,6,03/24/2026 14:14:33
2026-03-24 18:14:33.018277,,SPY,20260324,653,C,1.54,6,1.55,9,03/24/2026 14:14:33
2026-03-24 18:14:33.087756,,SPY,20260324,653,C,1.54,6,1.56,642,03/24/2026 14:14:33
2026-03-24 18:14:33.087780,,SPY,20260324,653,C,1.54,288,1.56,642,03/24/2026 14:14:33
2026-03-24 18:14:33.087809,,SPY,20260324,653,C,1.54,288,1.56,642,03/24/2026 14:14:33
2026-03-24 18:14:33.585462,,SPY,20260324,653,C,1.54,288,1.55,145,03/24/2026 14:14:33
2026-03-24 18:14:33.585526,,SPY,20260324,653,C,1.54,6,1.55,145,03/24/2026 14:14:33
2026-03-24 18:14:33.585558,,SPY,20260324,653,C,1.54,6,1.55,145,03/24/2026 14:14:33
2026-03-24 18:14:33.726388,,SPY,20260324,653,C,1.53,604,1.55,145,03/24/2026 14:14:33
2026-03-24 18:14:33.726412,,SPY,20260324,653,C,1.53,604,1.55,145,03/24/2026 14:14:33
2026-03-24 18:14:33.726438,,SPY,20260324,653,C,1.53,604,1.55,306,03/24/2026 14:14:33
2026-03-24 18:14:33.835339,,SPY,20260324,653,C,1.54,78,1.55,306,03/24/2026 14:14:33
2026-03-24 18:14:33.835405,,SPY,20260324,653,C,1.54,78,1.56,739,03/24/2026 14:14:33
2026-03-24 18:14:33.835458,,SPY,20260324,653,C,1.54,78,1.56,739,03/24/2026 14:14:33
2026-03-24 18:14:33.835511,,SPY,20260324,653,C,1.54,78,1.56,739,03/24/2026 14:14:33
2026-03-24 18:14:33.886543,,SPY,20260324,653,C,1.53,964,1.56,739,03/24/2026 14:14:33
2026-03-24 18:14:33.886574,,SPY,20260324,653,C,1.53,964,1.55,12,03/24/2026 14:14:33
2026-03-24 18:14:33.886608,,SPY,20260324,653,C,1.53,964,1.55,12,03/24/2026 14:14:33
2026-03-24 18:14:33.886634,,SPY,20260324,653,C,1.53,964,1.55,12,03/24/2026 14:14:33
2026-03-24 18:14:34.014630,,SPY,20260324,653,C,1.54,87,1.55,12,03/24/2026 14:14:34
2026-03-24 18:14:34.014701,,SPY,20260324,653,C,1.54,87,1.56,925,03/24/2026 14:14:34
2026-03-24 18:14:34.014762,,SPY,20260324,653,C,1.54,87,1.56,925,03/24/2026 14:14:34
2026-03-24 18:14:34.014806,,SPY,20260324,653,C,1.54,87,1.56,925,03/24/2026 14:14:34
2026-03-24 18:14:34.089833,,SPY,20260324,653,C,1.54,87,1.55,181,03/24/2026 14:14:34
2026-03-24 18:14:34.089882,,SPY,20260324,653,C,1.54,6,1.55,181,03/24/2026 14:14:34
2026-03-24 18:14:34.089973,,SPY,20260324,653,C,1.54,6,1.55,181,03/24/2026 14:14:34
2026-03-24 18:14:34.187675,,SPY,20260324,653,C,1.53,459,1.55,181,03/24/2026 14:14:34
2026-03-24 18:14:34.187714,,SPY,20260324,653,C,1.53,459,1.55,181,03/24/2026 14:14:34
2026-03-24 18:14:34.187743,,SPY,20260324,653,C,1.53,459,1.55,368,03/24/2026 14:14:34
2026-03-24 18:14:34.282848,,SPY,20260324,653,C,1.53,63,1.55,368,03/24/2026 14:14:34
2026-03-24 18:14:34.282879,,SPY,20260324,653,C,1.53,63,1.55,834,03/24/2026 14:14:34
2026-03-24 18:14:34.387282,,SPY,20260324,653,C,1.53,204,1.55,834,03/24/2026 14:14:34
2026-03-24 18:14:34.387308,,SPY,20260324,653,C,1.53,204,1.55,624,03/24/2026 14:14:34
2026-03-24 18:14:34.587264,,SPY,20260324,653,C,1.52,689,1.55,624,03/24/2026 14:14:34
2026-03-24 18:14:34.587294,,SPY,20260324,653,C,1.52,689,1.54,697,03/24/2026 14:14:34
2026-03-24 18:14:34.587319,,SPY,20260324,653,C,1.52,689,1.54,697,03/24/2026 14:14:34
2026-03-24 18:14:34.587344,,SPY,20260324,653,C,1.52,689,1.54,697,03/24/2026 14:14:34
2026-03-24 18:14:34.790102,,SPY,20260324,653,C,1.53,202,1.54,697,03/24/2026 14:14:34
2026-03-24 18:14:34.790132,,SPY,20260324,653,C,1.53,202,1.55,572,03/24/2026 14:14:34
2026-03-24 18:14:34.790161,,SPY,20260324,653,C,1.53,202,1.55,572,03/24/2026 14:14:34
2026-03-24 18:14:34.790188,,SPY,20260324,653,C,1.53,202,1.55,572,03/24/2026 14:14:34
2026-03-24 18:14:35.121469,,SPY,20260324,653,C,1.53,202,1.56,859,03/24/2026 14:14:35
2026-03-24 18:14:35.121501,,SPY,20260324,653,C,1.53,683,1.56,859,03/24/2026 14:14:35
2026-03-24 18:14:35.121529,,SPY,20260324,653,C,1.53,683,1.56,859,03/24/2026 14:14:35
2026-03-24 18:14:35.189435,,SPY,20260324,653,C,1.55,9,1.56,859,03/24/2026 14:14:35
2026-03-24 18:14:35.189465,,SPY,20260324,653,C,1.55,9,1.56,859,03/24/2026 14:14:35
2026-03-24 18:14:35.189491,,SPY,20260324,653,C,1.55,9,1.56,556,03/24/2026 14:14:35
2026-03-24 18:14:35.388039,,SPY,20260324,653,C,1.57,2,1.58,146,03/24/2026 14:14:35
2026-03-24 18:14:35.388064,,SPY,20260324,653,C,1.57,2,1.58,146,03/24/2026 14:14:35
2026-03-24 18:14:35.388089,,SPY,20260324,653,C,1.57,2,1.58,146,03/24/2026 14:14:35
2026-03-24 18:14:35.541525,,SPY,20260324,653,C,1.56,471,1.58,146,03/24/2026 14:14:35
2026-03-24 18:14:35.541552,,SPY,20260324,653,C,1.56,471,1.58,146,03/24/2026 14:14:35
2026-03-24 18:14:35.541578,,SPY,20260324,653,C,1.56,471,1.58,498,03/24/2026 14:14:35
2026-03-24 18:14:35.792129,,SPY,20260324,653,C,1.55,926,1.58,498,03/24/2026 14:14:35
2026-03-24 18:14:35.792158,,SPY,20260324,653,C,1.55,926,1.57,102,03/24/2026 14:14:35
2026-03-24 18:14:35.792181,,SPY,20260324,653,C,1.55,926,1.57,102,03/24/2026 14:14:35
2026-03-24 18:14:35.792206,,SPY,20260324,653,C,1.55,926,1.57,102,03/24/2026 14:14:35
2026-03-24 18:14:35.994186,,SPY,20260324,653,C,1.56,229,1.57,102,03/24/2026 14:14:35
2026-03-24 18:14:35.994252,,SPY,20260324,653,C,1.56,229,1.58,736,03/24/2026 14:14:35
2026-03-24 18:14:35.994306,,SPY,20260324,653,C,1.56,229,1.58,736,03/24/2026 14:14:35
2026-03-24 18:14:35.994359,,SPY,20260324,653,C,1.56,229,1.58,736,03/24/2026 14:14:35
2026-03-24 18:14:36.690300,,SPY,20260324,653,C,1.56,229,1.57,28,03/24/2026 14:14:36
2026-03-24 18:14:36.690334,,SPY,20260324,653,C,1.56,20,1.57,28,03/24/2026 14:14:36
2026-03-24 18:14:36.690363,,SPY,20260324,653,C,1.56,20,1.57,28,03/24/2026 14:14:36
2026-03-24 18:14:36.890165,,SPY,20260324,653,C,1.56,20,1.58,316,03/24/2026 14:14:36
2026-03-24 18:14:36.890199,,SPY,20260324,653,C,1.56,457,1.58,316,03/24/2026 14:14:36
2026-03-24 18:14:36.890227,,SPY,20260324,653,C,1.56,457,1.58,316,03/24/2026 14:14:36
2026-03-24 18:14:36.992911,,SPY,20260324,653,C,1.57,143,1.58,316,03/24/2026 14:14:36
2026-03-24 18:14:36.992957,,SPY,20260324,653,C,1.57,143,1.59,553,03/24/2026 14:14:36
2026-03-24 18:14:36.992993,,SPY,20260324,653,C,1.57,143,1.59,553,03/24/2026 14:14:36
2026-03-24 18:14:36.993032,,SPY,20260324,653,C,1.57,143,1.59,553,03/24/2026 14:14:36
2026-03-24 18:14:37.231735,,SPY,20260324,653,C,1.56,865,1.59,553,03/24/2026 14:14:37
2026-03-24 18:14:37.231803,,SPY,20260324,653,C,1.56,865,1.58,28,03/24/2026 14:14:37
2026-03-24 18:14:37.231857,,SPY,20260324,653,C,1.56,865,1.58,28,03/24/2026 14:14:37
2026-03-24 18:14:37.231910,,SPY,20260324,653,C,1.56,865,1.58,28,03/24/2026 14:14:37
2026-03-24 18:14:37.291199,,SPY,20260324,653,C,1.57,31,1.58,28,03/24/2026 14:14:37
2026-03-24 18:14:37.291231,,SPY,20260324,653,C,1.57,31,1.59,571,03/24/2026 14:14:37
2026-03-24 18:14:37.291256,,SPY,20260324,653,C,1.57,31,1.59,571,03/24/2026 14:14:37
2026-03-24 18:14:37.291282,,SPY,20260324,653,C,1.57,31,1.59,571,03/24/2026 14:14:37
2026-03-24 18:14:37.392835,,SPY,20260324,653,C,1.56,689,1.59,571,03/24/2026 14:14:37
2026-03-24 18:14:37.392866,,SPY,20260324,653,C,1.56,689,1.58,202,03/24/2026 14:14:37
2026-03-24 18:14:37.392892,,SPY,20260324,653,C,1.56,689,1.58,202,03/24/2026 14:14:37
2026-03-24 18:14:37.392917,,SPY,20260324,653,C,1.56,689,1.58,202,03/24/2026 14:14:37
2026-03-24 18:14:37.491314,,SPY,20260324,653,C,1.57,53,1.58,202,03/24/2026 14:14:37
2026-03-24 18:14:37.491344,,SPY,20260324,653,C,1.57,53,1.59,722,03/24/2026 14:14:37
2026-03-24 18:14:37.491369,,SPY,20260324,653,C,1.57,53,1.59,722,03/24/2026 14:14:37
2026-03-24 18:14:37.491394,,SPY,20260324,653,C,1.57,53,1.59,722,03/24/2026 14:14:37
2026-03-24 18:14:37.592516,,SPY,20260324,653,C,1.56,582,1.59,722,03/24/2026 14:14:37
2026-03-24 18:14:37.592548,,SPY,20260324,653,C,1.56,582,1.58,240,03/24/2026 14:14:37
2026-03-24 18:14:37.592574,,SPY,20260324,653,C,1.56,582,1.58,240,03/24/2026 14:14:37
2026-03-24 18:14:37.592600,,SPY,20260324,653,C,1.56,582,1.58,240,03/24/2026 14:14:37
2026-03-24 18:14:37.990569,,SPY,20260324,653,C,1.57,32,1.58,240,03/24/2026 14:14:37
2026-03-24 18:14:37.990644,,SPY,20260324,653,C,1.57,32,1.59,575,03/24/2026 14:14:37
2026-03-24 18:14:37.990679,,SPY,20260324,653,C,1.57,32,1.59,575,03/24/2026 14:14:37
2026-03-24 18:14:37.990733,,SPY,20260324,653,C,1.57,32,1.59,575,03/24/2026 14:14:37
2026-03-24 18:14:38.185221,,SPY,20260324,653,C,1.59,39,1.6,10,03/24/2026 14:14:38
2026-03-24 18:14:38.185245,,SPY,20260324,653,C,1.59,39,1.6,10,03/24/2026 14:14:38
2026-03-24 18:14:38.185269,,SPY,20260324,653,C,1.59,39,1.6,10,03/24/2026 14:14:38
2026-03-24 18:14:38.294797,,SPY,20260324,653,C,1.58,139,1.6,10,03/24/2026 14:14:38
2026-03-24 18:14:38.294820,,SPY,20260324,653,C,1.58,139,1.6,10,03/24/2026 14:14:38
2026-03-24 18:14:38.294845,,SPY,20260324,653,C,1.58,139,1.6,469,03/24/2026 14:14:38
2026-03-24 18:14:38.394538,,SPY,20260324,653,C,1.58,227,1.6,469,03/24/2026 14:14:38
2026-03-24 18:14:38.394604,,SPY,20260324,653,C,1.58,227,1.6,380,03/24/2026 14:14:38
2026-03-24 18:14:38.894074,,SPY,20260324,653,C,1.57,572,1.6,380,03/24/2026 14:14:38
2026-03-24 18:14:38.894105,,SPY,20260324,653,C,1.57,572,1.59,51,03/24/2026 14:14:38
2026-03-24 18:14:38.894129,,SPY,20260324,653,C,1.57,572,1.59,51,03/24/2026 14:14:38
2026-03-24 18:14:38.894154,,SPY,20260324,653,C,1.57,572,1.59,51,03/24/2026 14:14:38
2026-03-24 18:14:38.994423,,SPY,20260324,653,C,1.58,32,1.59,51,03/24/2026 14:14:38
2026-03-24 18:14:38.994452,,SPY,20260324,653,C,1.58,32,1.6,625,03/24/2026 14:14:38
2026-03-24 18:14:38.994476,,SPY,20260324,653,C,1.58,32,1.6,625,03/24/2026 14:14:38
2026-03-24 18:14:38.994500,,SPY,20260324,653,C,1.58,32,1.6,625,03/24/2026 14:14:38
2026-03-24 18:14:39.796886,,SPY,20260324,653,C,1.58,5,1.6,625,03/24/2026 14:14:39
2026-03-24 18:14:39.796938,,SPY,20260324,653,C,1.58,5,1.6,587,03/24/2026 14:14:39
2026-03-24 18:14:39.899320,,SPY,20260324,653,C,1.57,599,1.6,587,03/24/2026 14:14:39
2026-03-24 18:14:39.899352,,SPY,20260324,653,C,1.57,599,1.59,97,03/24/2026 14:14:39
2026-03-24 18:14:39.899378,,SPY,20260324,653,C,1.57,599,1.59,97,03/24/2026 14:14:39
2026-03-24 18:14:39.899404,,SPY,20260324,653,C,1.57,599,1.59,97,03/24/2026 14:14:39
2026-03-24 18:14:39.995215,,SPY,20260324,653,C,1.58,155,1.59,97,03/24/2026 14:14:39
2026-03-24 18:14:39.995248,,SPY,20260324,653,C,1.58,155,1.6,626,03/24/2026 14:14:39
2026-03-24 18:14:39.995274,,SPY,20260324,653,C,1.58,155,1.6,626,03/24/2026 14:14:39
2026-03-24 18:14:39.995299,,SPY,20260324,653,C,1.58,155,1.6,626,03/24/2026 14:14:39
2026-03-24 18:14:40.797661,,SPY,20260324,653,C,1.58,155,1.59,33,03/24/2026 14:14:40
2026-03-24 18:14:40.797715,,SPY,20260324,653,C,1.58,103,1.59,33,03/24/2026 14:14:40
2026-03-24 18:14:40.797768,,SPY,20260324,653,C,1.58,103,1.59,33,03/24/2026 14:14:40
2026-03-24 18:14:40.897520,,SPY,20260324,653,C,1.57,235,1.59,33,03/24/2026 14:14:40
2026-03-24 18:14:40.897557,,SPY,20260324,653,C,1.57,235,1.59,33,03/24/2026 14:14:40
2026-03-24 18:14:40.897595,,SPY,20260324,653,C,1.57,235,1.59,420,03/24/2026 14:14:40
2026-03-24 18:14:41.598295,,SPY,20260324,653,C,1.58,614,1.59,420,03/24/2026 14:14:41
2026-03-24 18:14:41.598325,,SPY,20260324,653,C,1.58,614,1.6,200,03/24/2026 14:14:41
2026-03-24 18:14:41.598349,,SPY,20260324,653,C,1.58,614,1.6,200,03/24/2026 14:14:41
2026-03-24 18:14:41.598375,,SPY,20260324,653,C,1.58,614,1.6,200,03/24/2026 14:14:41
2026-03-24 18:14:41.697828,,SPY,20260324,653,C,1.58,708,1.6,200,03/24/2026 14:14:41
2026-03-24 18:14:41.697899,,SPY,20260324,653,C,1.58,708,1.6,15,03/24/2026 14:14:41
2026-03-24 18:14:41.798458,,SPY,20260324,653,C,1.59,227,1.6,15,03/24/2026 14:14:41
2026-03-24 18:14:41.798528,,SPY,20260324,653,C,1.59,227,1.61,575,03/24/2026 14:14:41
2026-03-24 18:14:41.798580,,SPY,20260324,653,C,1.59,227,1.61,575,03/24/2026 14:14:41
2026-03-24 18:14:41.798646,,SPY,20260324,653,C,1.59,227,1.61,575,03/24/2026 14:14:41
2026-03-24 18:14:41.896868,,SPY,20260324,653,C,1.61,164,1.62,132,03/24/2026 14:14:41
2026-03-24 18:14:41.896892,,SPY,20260324,653,C,1.61,164,1.62,132,03/24/2026 14:14:41
2026-03-24 18:14:41.896918,,SPY,20260324,653,C,1.61,164,1.62,132,03/24/2026 14:14:41
2026-03-24 18:14:42.098593,,SPY,20260324,653,C,1.61,164,1.63,145,03/24/2026 14:14:42
2026-03-24 18:14:42.098617,,SPY,20260324,653,C,1.61,495,1.63,145,03/24/2026 14:14:42
2026-03-24 18:14:42.098642,,SPY,20260324,653,C,1.61,495,1.63,145,03/24/2026 14:14:42
2026-03-24 18:14:42.341856,,SPY,20260324,653,C,1.62,33,1.63,145,03/24/2026 14:14:42
2026-03-24 18:14:42.341865,,SPY,20260324,653,C,1.62,33,1.63,145,03/24/2026 14:14:42
2026-03-24 18:14:42.341873,,SPY,20260324,653,C,1.62,33,1.63,121,03/24/2026 14:14:42
2026-03-24 18:14:42.404158,,SPY,20260324,653,C,1.63,2,1.64,270,03/24/2026 14:14:42
2026-03-24 18:14:42.404195,,SPY,20260324,653,C,1.63,2,1.64,270,03/24/2026 14:14:42
2026-03-24 18:14:42.404233,,SPY,20260324,653,C,1.63,2,1.64,270,03/24/2026 14:14:42
2026-03-24 18:14:42.598902,,SPY,20260324,653,C,1.62,198,1.64,270,03/24/2026 14:14:42
2026-03-24 18:14:42.598928,,SPY,20260324,653,C,1.62,198,1.64,270,03/24/2026 14:14:42
2026-03-24 18:14:42.598953,,SPY,20260324,653,C,1.62,198,1.64,140,03/24/2026 14:14:42
2026-03-24 18:14:42.698650,,SPY,20260324,653,C,1.62,433,1.64,140,03/24/2026 14:14:42
2026-03-24 18:14:42.698704,,SPY,20260324,653,C,1.62,433,1.64,82,03/24/2026 14:14:42
2026-03-24 18:14:42.898921,,SPY,20260324,653,C,1.63,2,1.64,82,03/24/2026 14:14:42
2026-03-24 18:14:42.898976,,SPY,20260324,653,C,1.63,2,1.64,82,03/24/2026 14:14:42
2026-03-24 18:14:42.899030,,SPY,20260324,653,C,1.63,2,1.64,16,03/24/2026 14:14:42
2026-03-24 18:14:43.044132,,SPY,20260324,653,C,1.63,2,1.65,4,03/24/2026 14:14:43
2026-03-24 18:14:43.044169,,SPY,20260324,653,C,1.63,378,1.65,4,03/24/2026 14:14:43
2026-03-24 18:14:43.044206,,SPY,20260324,653,C,1.63,378,1.65,4,03/24/2026 14:14:43
2026-03-24 18:14:43.099052,,SPY,20260324,653,C,1.63,448,1.65,4,03/24/2026 14:14:43
2026-03-24 18:14:43.099100,,SPY,20260324,653,C,1.63,448,1.65,64,03/24/2026 14:14:43
2026-03-24 18:14:43.242772,,SPY,20260324,653,C,1.63,5,1.65,64,03/24/2026 14:14:43
2026-03-24 18:14:43.242900,,SPY,20260324,653,C,1.63,5,1.65,615,03/24/2026 14:14:43
2026-03-24 18:14:43.401836,,SPY,20260324,653,C,1.63,5,1.65,484,03/24/2026 14:14:43
2026-03-24 18:14:43.600907,,SPY,20260324,653,C,1.62,111,1.65,484,03/24/2026 14:14:43
2026-03-24 18:14:43.600971,,SPY,20260324,653,C,1.62,111,1.64,477,03/24/2026 14:14:43
2026-03-24 18:14:43.601023,,SPY,20260324,653,C,1.62,111,1.64,477,03/24/2026 14:14:43
2026-03-24 18:14:43.601075,,SPY,20260324,653,C,1.62,111,1.64,477,03/24/2026 14:14:43
2026-03-24 18:14:43.901257,,SPY,20260324,653,C,1.61,234,1.64,477,03/24/2026 14:14:43
2026-03-24 18:14:43.901287,,SPY,20260324,653,C,1.61,234,1.63,164,03/24/2026 14:14:43
2026-03-24 18:14:43.901316,,SPY,20260324,653,C,1.61,234,1.63,164,03/24/2026 14:14:43
2026-03-24 18:14:43.901342,,SPY,20260324,653,C,1.61,234,1.63,164,03/24/2026 14:14:43
2026-03-24 18:14:44.000743,,SPY,20260324,653,C,1.61,239,1.63,164,03/24/2026 14:14:44
2026-03-24 18:14:44.000828,,SPY,20260324,653,C,1.61,239,1.63,111,03/24/2026 14:14:44
2026-03-24 18:14:45.119452,,SPY,20260324,653,C,1.61,480,1.63,111,03/24/2026 14:14:45
2026-03-24 18:14:45.119494,,SPY,20260324,653,C,1.61,480,1.63,83,03/24/2026 14:14:45
2026-03-24 18:14:45.530874,,SPY,20260324,653,C,1.6,385,1.63,83,03/24/2026 14:14:45
2026-03-24 18:14:45.530906,,SPY,20260324,653,C,1.6,385,1.62,146,03/24/2026 14:14:45
2026-03-24 18:14:45.530930,,SPY,20260324,653,C,1.6,385,1.62,146,03/24/2026 14:14:45
2026-03-24 18:14:45.530955,,SPY,20260324,653,C,1.6,385,1.62,146,03/24/2026 14:14:45
2026-03-24 18:14:45.643449,,SPY,20260324,653,C,1.6,7,1.62,146,03/24/2026 14:14:45
2026-03-24 18:14:45.643487,,SPY,20260324,653,C,1.6,7,1.62,336,03/24/2026 14:14:45
2026-03-24 18:14:45.704135,,SPY,20260324,653,C,1.6,52,1.62,336,03/24/2026 14:14:45
2026-03-24 18:14:45.704159,,SPY,20260324,653,C,1.6,52,1.62,508,03/24/2026 14:14:45
2026-03-24 18:14:46.203906,,SPY,20260324,653,C,1.6,68,1.62,508,03/24/2026 14:14:46
2026-03-24 18:14:46.203951,,SPY,20260324,653,C,1.6,68,1.62,645,03/24/2026 14:14:46
2026-03-24 18:14:46.442436,,SPY,20260324,653,C,1.6,132,1.62,645,03/24/2026 14:14:46
2026-03-24 18:14:46.442461,,SPY,20260324,653,C,1.6,132,1.62,395,03/24/2026 14:14:46
2026-03-24 18:14:46.505287,,SPY,20260324,653,C,1.59,294,1.62,395,03/24/2026 14:14:46
2026-03-24 18:14:46.505325,,SPY,20260324,653,C,1.59,294,1.61,204,03/24/2026 14:14:46
2026-03-24 18:14:46.505354,,SPY,20260324,653,C,1.59,294,1.61,204,03/24/2026 14:14:46
2026-03-24 18:14:46.505382,,SPY,20260324,653,C,1.59,294,1.61,204,03/24/2026 14:14:46
2026-03-24 18:14:46.604202,,SPY,20260324,653,C,1.58,802,1.61,204,03/24/2026 14:14:46
2026-03-24 18:14:46.604235,,SPY,20260324,653,C,1.58,802,1.6,66,03/24/2026 14:14:46
2026-03-24 18:14:46.604260,,SPY,20260324,653,C,1.58,802,1.6,66,03/24/2026 14:14:46
2026-03-24 18:14:46.604286,,SPY,20260324,653,C,1.58,802,1.6,66,03/24/2026 14:14:46
2026-03-24 18:14:46.805379,,SPY,20260324,653,C,1.59,169,1.6,66,03/24/2026 14:14:46
2026-03-24 18:14:46.805409,,SPY,20260324,653,C,1.59,169,1.61,257,03/24/2026 14:14:46
2026-03-24 18:14:46.805433,,SPY,20260324,653,C,1.59,169,1.61,257,03/24/2026 14:14:46
2026-03-24 18:14:46.805459,,SPY,20260324,653,C,1.59,169,1.61,257,03/24/2026 14:14:46
2026-03-24 18:14:46.905293,,SPY,20260324,653,C,1.59,180,1.61,257,03/24/2026 14:14:46
2026-03-24 18:14:46.905322,,SPY,20260324,653,C,1.59,180,1.61,350,03/24/2026 14:14:46
2026-03-24 18:14:47.745013,,SPY,20260324,653,C,1.59,180,1.6,8,03/24/2026 14:14:47
2026-03-24 18:14:47.745037,,SPY,20260324,653,C,1.59,398,1.6,8,03/24/2026 14:14:47
2026-03-24 18:14:47.745062,,SPY,20260324,653,C,1.59,398,1.6,8,03/24/2026 14:14:47
2026-03-24 18:14:47.806368,,SPY,20260324,653,C,1.59,398,1.61,194,03/24/2026 14:14:47
2026-03-24 18:14:47.806395,,SPY,20260324,653,C,1.59,135,1.61,194,03/24/2026 14:14:47
2026-03-24 18:14:47.806422,,SPY,20260324,653,C,1.59,135,1.61,194,03/24/2026 14:14:47
2026-03-24 18:14:47.907479,,SPY,20260324,653,C,1.61,222,1.63,203,03/24/2026 14:14:47
2026-03-24 18:14:47.907505,,SPY,20260324,653,C,1.61,222,1.63,203,03/24/2026 14:14:47
2026-03-24 18:14:47.907530,,SPY,20260324,653,C,1.61,222,1.63,203,03/24/2026 14:14:47
2026-03-24 18:14:48.708998,,SPY,20260324,653,C,1.61,222,1.62,5,03/24/2026 14:14:48
2026-03-24 18:14:48.709023,,SPY,20260324,653,C,1.61,208,1.62,5,03/24/2026 14:14:48
2026-03-24 18:14:48.709048,,SPY,20260324,653,C,1.61,208,1.62,5,03/24/2026 14:14:48
2026-03-24 18:14:48.849679,,SPY,20260324,653,C,1.6,715,1.62,5,03/24/2026 14:14:48
2026-03-24 18:14:48.849714,,SPY,20260324,653,C,1.6,715,1.62,5,03/24/2026 14:14:48
2026-03-24 18:14:48.849743,,SPY,20260324,653,C,1.6,715,1.62,278,03/24/2026 14:14:48
2026-03-24 18:14:49.514198,,SPY,20260324,653,C,1.6,715,1.61,2,03/24/2026 14:14:49
2026-03-24 18:14:49.514222,,SPY,20260324,653,C,1.6,77,1.61,2,03/24/2026 14:14:49
2026-03-24 18:14:49.514247,,SPY,20260324,653,C,1.6,77,1.61,2,03/24/2026 14:14:49
2026-03-24 18:14:49.647144,,SPY,20260324,653,C,1.6,77,1.62,323,03/24/2026 14:14:49
2026-03-24 18:14:49.647191,,SPY,20260324,653,C,1.6,229,1.62,323,03/24/2026 14:14:49
2026-03-24 18:14:49.647220,,SPY,20260324,653,C,1.6,229,1.62,323,03/24/2026 14:14:49
2026-03-24 18:14:49.909091,,SPY,20260324,653,C,1.61,8,1.62,323,03/24/2026 14:14:49
2026-03-24 18:14:49.909117,,SPY,20260324,653,C,1.61,8,1.62,323,03/24/2026 14:14:49
2026-03-24 18:14:49.909142,,SPY,20260324,653,C,1.61,8,1.62,9,03/24/2026 14:14:49
2026-03-24 18:14:50.046839,,SPY,20260324,653,C,1.6,854,1.62,9,03/24/2026 14:14:50
2026-03-24 18:14:50.046897,,SPY,20260324,653,C,1.6,854,1.62,9,03/24/2026 14:14:50
2026-03-24 18:14:50.046929,,SPY,20260324,653,C,1.6,854,1.62,17,03/24/2026 14:14:50
2026-03-24 18:14:50.247212,,SPY,20260324,653,C,1.59,704,1.62,17,03/24/2026 14:14:50
2026-03-24 18:14:50.247250,,SPY,20260324,653,C,1.59,704,1.61,13,03/24/2026 14:14:50
2026-03-24 18:14:50.247282,,SPY,20260324,653,C,1.59,704,1.61,13,03/24/2026 14:14:50
2026-03-24 18:14:50.247319,,SPY,20260324,653,C,1.59,704,1.61,13,03/24/2026 14:14:50
2026-03-24 18:14:50.409638,,SPY,20260324,653,C,1.59,701,1.61,13,03/24/2026 14:14:50
2026-03-24 18:14:50.409680,,SPY,20260324,653,C,1.59,701,1.61,9,03/24/2026 14:14:50
2026-03-24 18:14:50.506381,,SPY,20260324,653,C,1.59,701,1.6,9,03/24/2026 14:14:50
2026-03-24 18:14:50.506391,,SPY,20260324,653,C,1.59,202,1.6,9,03/24/2026 14:14:50
2026-03-24 18:14:50.648289,,SPY,20260324,653,C,1.58,646,1.6,9,03/24/2026 14:14:50
2026-03-24 18:14:50.648313,,SPY,20260324,653,C,1.58,646,1.6,9,03/24/2026 14:14:50
2026-03-24 18:14:50.648326,,SPY,20260324,653,C,1.58,646,1.6,197,03/24/2026 14:14:50
2026-03-24 18:14:50.715373,,SPY,20260324,653,C,1.58,578,1.6,197,03/24/2026 14:14:50
2026-03-24 18:14:50.715402,,SPY,20260324,653,C,1.58,578,1.6,27,03/24/2026 14:14:50
2026-03-24 18:14:50.844452,,SPY,20260324,653,C,1.59,107,1.6,27,03/24/2026 14:14:50
2026-03-24 18:14:50.844478,,SPY,20260324,653,C,1.59,107,1.61,228,03/24/2026 14:14:50
2026-03-24 18:14:50.844500,,SPY,20260324,653,C,1.59,107,1.61,228,03/24/2026 14:14:50
2026-03-24 18:14:50.844521,,SPY,20260324,653,C,1.59,107,1.61,228,03/24/2026 14:14:50
2026-03-24 18:14:50.951154,,SPY,20260324,653,C,1.58,738,1.61,228,03/24/2026 14:14:50
2026-03-24 18:14:50.951183,,SPY,20260324,653,C,1.58,738,1.6,15,03/24/2026 14:14:50
2026-03-24 18:14:50.951208,,SPY,20260324,653,C,1.58,738,1.6,15,03/24/2026 14:14:50
2026-03-24 18:14:50.951233,,SPY,20260324,653,C,1.58,738,1.6,15,03/24/2026 14:14:50
2026-03-24 18:14:51.111940,,SPY,20260324,653,C,1.59,381,1.6,15,03/24/2026 14:14:51
2026-03-24 18:14:51.111969,,SPY,20260324,653,C,1.59,381,1.61,185,03/24/2026 14:14:51
2026-03-24 18:14:51.111994,,SPY,20260324,653,C,1.59,381,1.61,185,03/24/2026 14:14:51
2026-03-24 18:14:51.112018,,SPY,20260324,653,C,1.59,381,1.61,185,03/24/2026 14:14:51
2026-03-24 18:14:51.407387,,SPY,20260324,653,C,1.59,551,1.61,185,03/24/2026 14:14:51
2026-03-24 18:14:51.407430,,SPY,20260324,653,C,1.59,551,1.61,114,03/24/2026 14:14:51
2026-03-24 18:14:51.813454,,SPY,20260324,653,C,1.6,14,1.61,114,03/24/2026 14:14:51
2026-03-24 18:14:51.813522,,SPY,20260324,653,C,1.6,14,1.62,471,03/24/2026 14:14:51
2026-03-24 18:14:51.813575,,SPY,20260324,653,C,1.6,14,1.62,471,03/24/2026 14:14:51
2026-03-24 18:14:51.813628,,SPY,20260324,653,C,1.6,14,1.62,471,03/24/2026 14:14:51
2026-03-24 18:14:51.914599,,SPY,20260324,653,C,1.61,19,1.62,471,03/24/2026 14:14:51
2026-03-24 18:14:51.914629,,SPY,20260324,653,C,1.61,19,1.63,419,03/24/2026 14:14:51
2026-03-24 18:14:51.914653,,SPY,20260324,653,C,1.61,19,1.63,419,03/24/2026 14:14:51
2026-03-24 18:14:51.914678,,SPY,20260324,653,C,1.61,19,1.63,419,03/24/2026 14:14:51
2026-03-24 18:14:52.013917,,SPY,20260324,653,C,1.6,611,1.63,419,03/24/2026 14:14:52
2026-03-24 18:14:52.013951,,SPY,20260324,653,C,1.6,611,1.62,240,03/24/2026 14:14:52
2026-03-24 18:14:52.013976,,SPY,20260324,653,C,1.6,611,1.62,240,03/24/2026 14:14:52
2026-03-24 18:14:52.014002,,SPY,20260324,653,C,1.6,611,1.62,240,03/24/2026 14:14:52
2026-03-24 18:14:52.104583,,SPY,20260324,653,C,1.6,611,1.63,548,03/24/2026 14:14:52
2026-03-24 18:14:52.104611,,SPY,20260324,653,C,1.6,702,1.63,548,03/24/2026 14:14:52
2026-03-24 18:14:52.104636,,SPY,20260324,653,C,1.6,702,1.63,548,03/24/2026 14:14:52
2026-03-24 18:14:52.213886,,SPY,20260324,653,C,1.6,702,1.61,2,03/24/2026 14:14:52
2026-03-24 18:14:52.213915,,SPY,20260324,653,C,1.6,134,1.61,2,03/24/2026 14:14:52
2026-03-24 18:14:52.213945,,SPY,20260324,653,C,1.6,134,1.61,2,03/24/2026 14:14:52
2026-03-24 18:14:52.314374,,SPY,20260324,653,C,1.58,71,1.61,2,03/24/2026 14:14:52
2026-03-24 18:14:52.314414,,SPY,20260324,653,C,1.58,71,1.6,17,03/24/2026 14:14:52
2026-03-24 18:14:52.314447,,SPY,20260324,653,C,1.58,71,1.6,17,03/24/2026 14:14:52
2026-03-24 18:14:52.314478,,SPY,20260324,653,C,1.58,71,1.6,17,03/24/2026 14:14:52
2026-03-24 18:14:52.413405,,SPY,20260324,653,C,1.57,357,1.6,17,03/24/2026 14:14:52
2026-03-24 18:14:52.413457,,SPY,20260324,653,C,1.57,357,1.59,16,03/24/2026 14:14:52
2026-03-24 18:14:52.413496,,SPY,20260324,653,C,1.57,357,1.59,16,03/24/2026 14:14:52
2026-03-24 18:14:52.413525,,SPY,20260324,653,C,1.57,357,1.59,16,03/24/2026 14:14:52
2026-03-24 18:14:52.843277,,SPY,20260324,653,C,1.57,357,1.58,8,03/24/2026 14:14:52
2026-03-24 18:14:52.843338,,SPY,20260324,653,C,1.57,35,1.58,8,03/24/2026 14:14:52
2026-03-24 18:14:52.843381,,SPY,20260324,653,C,1.57,35,1.58,8,03/24/2026 14:14:52
2026-03-24 18:14:52.913647,,SPY,20260324,653,C,1.57,35,1.59,495,03/24/2026 14:14:52
2026-03-24 18:14:52.913674,,SPY,20260324,653,C,1.57,32,1.59,495,03/24/2026 14:14:52
2026-03-24 18:14:52.913700,,SPY,20260324,653,C,1.57,32,1.59,495,03/24/2026 14:14:52
2026-03-24 18:14:53.143817,,SPY,20260324,653,C,1.57,32,1.58,29,03/24/2026 14:14:53
2026-03-24 18:14:53.143846,,SPY,20260324,653,C,1.57,28,1.58,29,03/24/2026 14:14:53
2026-03-24 18:14:53.143886,,SPY,20260324,653,C,1.57,28,1.58,29,03/24/2026 14:14:53
2026-03-24 18:14:53.214405,,SPY,20260324,653,C,1.57,28,1.59,636,03/24/2026 14:14:53
2026-03-24 18:14:53.214441,,SPY,20260324,653,C,1.57,62,1.59,636,03/24/2026 14:14:53
2026-03-24 18:14:53.214471,,SPY,20260324,653,C,1.57,62,1.59,636,03/24/2026 14:14:53
2026-03-24 18:14:53.614766,,SPY,20260324,653,C,1.56,376,1.59,636,03/24/2026 14:14:53
2026-03-24 18:14:53.614805,,SPY,20260324,653,C,1.56,376,1.58,87,03/24/2026 14:14:53
2026-03-24 18:14:53.614835,,SPY,20260324,653,C,1.56,376,1.58,87,03/24/2026 14:14:53
2026-03-24 18:14:53.614863,,SPY,20260324,653,C,1.56,376,1.58,87,03/24/2026 14:14:53
2026-03-24 18:14:54.116000,,SPY,20260324,653,C,1.57,117,1.58,87,03/24/2026 14:14:54
2026-03-24 18:14:54.116166,,SPY,20260324,653,C,1.57,117,1.59,524,03/24/2026 14:14:54
2026-03-24 18:14:54.116193,,SPY,20260324,653,C,1.57,117,1.59,524,03/24/2026 14:14:54
2026-03-24 18:14:54.116218,,SPY,20260324,653,C,1.57,117,1.59,524,03/24/2026 14:14:54
2026-03-24 18:14:54.515763,,SPY,20260324,653,C,1.56,136,1.59,524,03/24/2026 14:14:54
2026-03-24 18:14:54.515773,,SPY,20260324,653,C,1.56,136,1.57,4,03/24/2026 14:14:54
2026-03-24 18:14:54.515780,,SPY,20260324,653,C,1.56,136,1.57,4,03/24/2026 14:14:54
2026-03-24 18:14:54.515788,,SPY,20260324,653,C,1.56,136,1.57,4,03/24/2026 14:14:54
2026-03-24 18:14:54.607452,,SPY,20260324,653,C,1.56,80,1.57,4,03/24/2026 14:14:54
2026-03-24 18:14:54.716158,,SPY,20260324,653,C,1.55,332,1.57,4,03/24/2026 14:14:54
2026-03-24 18:14:54.716169,,SPY,20260324,653,C,1.55,332,1.57,4,03/24/2026 14:14:54
2026-03-24 18:14:54.716181,,SPY,20260324,653,C,1.55,332,1.57,170,03/24/2026 14:14:54
2026-03-24 18:14:54.955511,,SPY,20260324,653,C,1.56,159,1.57,170,03/24/2026 14:14:54
2026-03-24 18:14:54.955543,,SPY,20260324,653,C,1.56,159,1.58,536,03/24/2026 14:14:54
2026-03-24 18:14:54.955567,,SPY,20260324,653,C,1.56,159,1.58,536,03/24/2026 14:14:54
2026-03-24 18:14:54.955601,,SPY,20260324,653,C,1.56,159,1.58,536,03/24/2026 14:14:54
2026-03-24 18:14:55.017351,,SPY,20260324,653,C,1.56,268,1.58,536,03/24/2026 14:14:55
2026-03-24 18:14:55.017376,,SPY,20260324,653,C,1.56,268,1.58,251,03/24/2026 14:14:55
2026-03-24 18:14:55.122600,,SPY,20260324,653,C,1.56,363,1.58,251,03/24/2026 14:14:55
2026-03-24 18:14:55.122648,,SPY,20260324,653,C,1.56,363,1.58,46,03/24/2026 14:14:55
2026-03-24 18:14:55.518898,,SPY,20260324,653,C,1.57,186,1.58,46,03/24/2026 14:14:55
2026-03-24 18:14:55.518933,,SPY,20260324,653,C,1.57,186,1.59,688,03/24/2026 14:14:55
2026-03-24 18:14:55.518961,,SPY,20260324,653,C,1.57,186,1.59,688,03/24/2026 14:14:55
2026-03-24 18:14:55.518987,,SPY,20260324,653,C,1.57,186,1.59,688,03/24/2026 14:14:55
2026-03-24 18:14:55.650869,,SPY,20260324,653,C,1.57,56,1.59,688,03/24/2026 14:14:55
2026-03-24 18:14:55.650990,,SPY,20260324,653,C,1.57,56,1.59,896,03/24/2026 14:14:55
2026-03-24 18:14:55.960121,,SPY,20260324,653,C,1.57,56,1.58,68,03/24/2026 14:14:55
2026-03-24 18:14:55.960188,,SPY,20260324,653,C,1.57,112,1.58,68,03/24/2026 14:14:55
2026-03-24 18:14:55.960217,,SPY,20260324,653,C,1.57,112,1.58,68,03/24/2026 14:14:55
2026-03-24 18:14:56.311745,,SPY,20260324,653,C,1.56,334,1.58,68,03/24/2026 14:14:56
2026-03-24 18:14:56.311773,,SPY,20260324,653,C,1.56,334,1.58,68,03/24/2026 14:14:56
2026-03-24 18:14:56.311799,,SPY,20260324,653,C,1.56,334,1.58,160,03/24/2026 14:14:56
2026-03-24 18:14:56.518991,,SPY,20260324,653,C,1.57,182,1.58,160,03/24/2026 14:14:56
2026-03-24 18:14:56.519042,,SPY,20260324,653,C,1.57,182,1.59,691,03/24/2026 14:14:56
2026-03-24 18:14:56.519094,,SPY,20260324,653,C,1.57,182,1.59,691,03/24/2026 14:14:56
2026-03-24 18:14:56.519123,,SPY,20260324,653,C,1.57,182,1.59,691,03/24/2026 14:14:56
2026-03-24 18:14:56.619504,,SPY,20260324,653,C,1.57,182,1.58,29,03/24/2026 14:14:56
2026-03-24 18:14:56.619531,,SPY,20260324,653,C,1.57,156,1.58,29,03/24/2026 14:14:56
2026-03-24 18:14:56.619560,,SPY,20260324,653,C,1.57,156,1.58,29,03/24/2026 14:14:56
2026-03-24 18:14:56.757151,,SPY,20260324,653,C,1.56,40,1.58,29,03/24/2026 14:14:56
2026-03-24 18:14:56.757182,,SPY,20260324,653,C,1.56,40,1.57,7,03/24/2026 14:14:56
2026-03-24 18:14:56.757208,,SPY,20260324,653,C,1.56,40,1.57,7,03/24/2026 14:14:56
2026-03-24 18:14:56.757234,,SPY,20260324,653,C,1.56,40,1.57,7,03/24/2026 14:14:56
2026-03-24 18:14:56.914853,,SPY,20260324,653,C,1.54,39,1.57,7,03/24/2026 14:14:56
2026-03-24 18:14:56.914878,,SPY,20260324,653,C,1.54,39,1.55,2,03/24/2026 14:14:56
2026-03-24 18:14:56.914898,,SPY,20260324,653,C,1.54,39,1.55,2,03/24/2026 14:14:56
2026-03-24 18:14:56.914919,,SPY,20260324,653,C,1.54,39,1.55,2,03/24/2026 14:14:56
2026-03-24 18:14:56.917283,,SPY,20260324,653,C,1.53,83,1.55,2,03/24/2026 14:14:56
2026-03-24 18:14:56.917303,,SPY,20260324,653,C,1.53,83,1.55,2,03/24/2026 14:14:56
2026-03-24 18:14:56.917323,,SPY,20260324,653,C,1.53,83,1.55,38,03/24/2026 14:14:56
2026-03-24 18:14:57.055079,,SPY,20260324,653,C,1.52,162,1.55,38,03/24/2026 14:14:57
2026-03-24 18:14:57.055187,,SPY,20260324,653,C,1.52,162,1.54,75,03/24/2026 14:14:57
2026-03-24 18:14:57.055261,,SPY,20260324,653,C,1.52,162,1.54,75,03/24/2026 14:14:57
2026-03-24 18:14:57.055620,,SPY,20260324,653,C,1.52,162,1.54,75,03/24/2026 14:14:57
2026-03-24 18:14:57.172748,,SPY,20260324,653,C,1.52,18,1.54,75,03/24/2026 14:14:57
2026-03-24 18:14:57.172772,,SPY,20260324,653,C,1.52,18,1.54,366,03/24/2026 14:14:57
2026-03-24 18:14:57.422010,,SPY,20260324,653,C,1.51,154,1.54,366,03/24/2026 14:14:57
2026-03-24 18:14:57.422039,,SPY,20260324,653,C,1.51,154,1.53,63,03/24/2026 14:14:57
2026-03-24 18:14:57.422063,,SPY,20260324,653,C,1.51,154,1.53,63,03/24/2026 14:14:57
2026-03-24 18:14:57.422088,,SPY,20260324,653,C,1.51,154,1.53,63,03/24/2026 14:14:57
2026-03-24 18:14:57.720230,,SPY,20260324,653,C,1.51,155,1.53,63,03/24/2026 14:14:57
2026-03-24 18:14:57.720261,,SPY,20260324,653,C,1.51,155,1.53,54,03/24/2026 14:14:57
2026-03-24 18:14:57.839983,,SPY,20260324,653,C,1.51,155,1.54,558,03/24/2026 14:14:57
2026-03-24 18:14:57.839997,,SPY,20260324,653,C,1.51,328,1.54,558,03/24/2026 14:14:57
2026-03-24 18:14:57.840011,,SPY,20260324,653,C,1.51,328,1.54,558,03/24/2026 14:14:57
2026-03-24 18:14:58.122348,,SPY,20260324,653,C,1.51,328,1.53,29,03/24/2026 14:14:58
2026-03-24 18:14:58.122379,,SPY,20260324,653,C,1.51,251,1.53,29,03/24/2026 14:14:58
2026-03-24 18:14:58.122407,,SPY,20260324,653,C,1.51,251,1.53,29,03/24/2026 14:14:58
2026-03-24 18:14:58.323699,,SPY,20260324,653,C,1.51,104,1.53,29,03/24/2026 14:14:58
2026-03-24 18:14:58.323724,,SPY,20260324,653,C,1.51,104,1.53,340,03/24/2026 14:14:58
2026-03-24 18:14:58.622389,,SPY,20260324,653,C,1.51,114,1.53,340,03/24/2026 14:14:58
2026-03-24 18:14:58.622421,,SPY,20260324,653,C,1.51,114,1.53,332,03/24/2026 14:14:58
2026-03-24 18:14:58.828291,,SPY,20260324,653,C,1.51,177,1.53,332,03/24/2026 14:14:58
2026-03-24 18:14:58.828331,,SPY,20260324,653,C,1.51,177,1.53,115,03/24/2026 14:14:58
2026-03-24 18:14:58.936242,,SPY,20260324,653,C,1.51,177,1.54,580,03/24/2026 14:14:58
2026-03-24 18:14:58.936265,,SPY,20260324,653,C,1.51,377,1.54,580,03/24/2026 14:14:58
2026-03-24 18:14:58.936290,,SPY,20260324,653,C,1.51,377,1.54,580,03/24/2026 14:14:58
2026-03-24 18:14:59.117351,,SPY,20260324,653,C,1.52,10,1.54,580,03/24/2026 14:14:59
2026-03-24 18:14:59.117378,,SPY,20260324,653,C,1.52,10,1.54,580,03/24/2026 14:14:59
2026-03-24 18:14:59.117403,,SPY,20260324,653,C,1.52,10,1.54,710,03/24/2026 14:14:59
2026-03-24 18:14:59.223613,,SPY,20260324,653,C,1.52,72,1.54,710,03/24/2026 14:14:59
2026-03-24 18:14:59.223638,,SPY,20260324,653,C,1.52,72,1.54,534,03/24/2026 14:14:59
2026-03-24 18:14:59.361299,,SPY,20260324,653,C,1.52,116,1.54,534,03/24/2026 14:14:59
2026-03-24 18:14:59.361313,,SPY,20260324,653,C,1.52,116,1.54,168,03/24/2026 14:14:59
2026-03-24 18:14:59.465287,,SPY,20260324,653,C,1.53,46,1.54,168,03/24/2026 14:14:59
2026-03-24 18:14:59.465334,,SPY,20260324,653,C,1.53,46,1.54,168,03/24/2026 14:14:59
2026-03-24 18:14:59.465367,,SPY,20260324,653,C,1.53,46,1.54,68,03/24/2026 14:14:59
2026-03-24 18:14:59.525111,,SPY,20260324,653,C,1.53,46,1.55,464,03/24/2026 14:14:59
2026-03-24 18:14:59.525136,,SPY,20260324,653,C,1.53,5,1.55,464,03/24/2026 14:14:59
2026-03-24 18:14:59.525162,,SPY,20260324,653,C,1.53,5,1.55,464,03/24/2026 14:14:59
2026-03-24 18:14:59.624814,,SPY,20260324,653,C,1.53,5,1.54,27,03/24/2026 14:14:59
2026-03-24 18:14:59.624838,,SPY,20260324,653,C,1.53,5,1.54,27,03/24/2026 14:14:59
2026-03-24 18:14:59.725568,,SPY,20260324,653,C,1.53,5,1.55,300,03/24/2026 14:14:59
2026-03-24 18:14:59.725591,,SPY,20260324,653,C,1.53,5,1.55,300,03/24/2026 14:14:59
2026-03-24 18:14:59.877277,,SPY,20260324,653,C,1.53,5,1.54,5,03/24/2026 14:14:59
2026-03-24 18:14:59.877293,,SPY,20260324,653,C,1.53,5,1.54,5,03/24/2026 14:14:59
2026-03-24 18:15:00.033046,,SPY,20260324,653,C,1.53,5,1.55,231,03/24/2026 14:15:00
2026-03-24 18:15:00.033058,,SPY,20260324,653,C,1.53,5,1.55,231,03/24/2026 14:15:00
2026-03-24 18:15:00.123573,,SPY,20260324,653,C,1.53,5,1.54,4,03/24/2026 14:15:00
2026-03-24 18:15:00.123587,,SPY,20260324,653,C,1.53,5,1.54,4,03/24/2026 14:15:00
2026-03-24 18:15:00.221721,,SPY,20260324,653,C,1.52,70,1.54,4,03/24/2026 14:15:00
2026-03-24 18:15:00.221747,,SPY,20260324,653,C,1.52,70,1.54,4,03/24/2026 14:15:00
2026-03-24 18:15:00.221773,,SPY,20260324,653,C,1.52,70,1.54,127,03/24/2026 14:15:00
2026-03-24 18:15:00.394495,,SPY,20260324,653,C,1.52,70,1.55,71,03/24/2026 14:15:00
2026-03-24 18:15:00.394519,,SPY,20260324,653,C,1.52,717,1.55,71,03/24/2026 14:15:00
2026-03-24 18:15:00.394543,,SPY,20260324,653,C,1.52,717,1.55,71,03/24/2026 14:15:00
2026-03-24 18:15:00.432539,,SPY,20260324,653,C,1.54,7,1.55,71,03/24/2026 14:15:00
2026-03-24 18:15:00.432595,,SPY,20260324,653,C,1.54,7,1.55,71,03/24/2026 14:15:00
2026-03-24 18:15:00.432655,,SPY,20260324,653,C,1.54,7,1.55,55,03/24/2026 14:15:00
2026-03-24 18:15:00.972523,,SPY,20260324,653,C,1.53,300,1.55,55,03/24/2026 14:15:00
2026-03-24 18:15:00.972548,,SPY,20260324,653,C,1.53,300,1.55,55,03/24/2026 14:15:00
2026-03-24 18:15:00.972573,,SPY,20260324,653,C,1.53,300,1.55,90,03/24/2026 14:15:00
2026-03-24 18:15:01.028881,,SPY,20260324,653,C,1.54,5,1.55,90,03/24/2026 14:15:01
2026-03-24 18:15:01.028905,,SPY,20260324,653,C,1.54,5,1.55,90,03/24/2026 14:15:01
2026-03-24 18:15:01.028931,,SPY,20260324,653,C,1.54,5,1.55,70,03/24/2026 14:15:01
2026-03-24 18:15:01.156555,,SPY,20260324,653,C,1.53,60,1.55,70,03/24/2026 14:15:01
2026-03-24 18:15:01.156579,,SPY,20260324,653,C,1.53,60,1.55,70,03/24/2026 14:15:01
2026-03-24 18:15:01.156604,,SPY,20260324,653,C,1.53,60,1.55,222,03/24/2026 14:15:01
2026-03-24 18:15:01.264467,,SPY,20260324,653,C,1.53,204,1.55,222,03/24/2026 14:15:01
2026-03-24 18:15:01.264492,,SPY,20260324,653,C,1.53,204,1.55,92,03/24/2026 14:15:01
2026-03-24 18:15:01.564786,,SPY,20260324,653,C,1.51,68,1.55,92,03/24/2026 14:15:01
2026-03-24 18:15:01.564850,,SPY,20260324,653,C,1.51,68,1.53,197,03/24/2026 14:15:01
2026-03-24 18:15:01.564899,,SPY,20260324,653,C,1.51,68,1.53,197,03/24/2026 14:15:01
2026-03-24 18:15:01.564952,,SPY,20260324,653,C,1.51,68,1.53,197,03/24/2026 14:15:01
2026-03-24 18:15:01.832622,,SPY,20260324,653,C,1.5,144,1.53,197,03/24/2026 14:15:01
2026-03-24 18:15:01.832703,,SPY,20260324,653,C,1.5,144,1.52,22,03/24/2026 14:15:01
2026-03-24 18:15:01.832754,,SPY,20260324,653,C,1.5,144,1.52,22,03/24/2026 14:15:01
2026-03-24 18:15:01.832821,,SPY,20260324,653,C,1.5,144,1.52,22,03/24/2026 14:15:01
2026-03-24 18:15:01.928092,,SPY,20260324,653,C,1.51,85,1.52,22,03/24/2026 14:15:01
2026-03-24 18:15:01.928170,,SPY,20260324,653,C,1.51,85,1.53,623,03/24/2026 14:15:01
2026-03-24 18:15:01.928246,,SPY,20260324,653,C,1.51,85,1.53,623,03/24/2026 14:15:01
2026-03-24 18:15:01.928314,,SPY,20260324,653,C,1.51,85,1.53,623,03/24/2026 14:15:01
2026-03-24 18:15:02.531297,,SPY,20260324,653,C,1.52,4,1.53,623,03/24/2026 14:15:02
2026-03-24 18:15:02.531321,,SPY,20260324,653,C,1.52,4,1.53,623,03/24/2026 14:15:02
2026-03-24 18:15:02.531347,,SPY,20260324,653,C,1.52,4,1.53,46,03/24/2026 14:15:02
2026-03-24 18:15:02.665715,,SPY,20260324,653,C,1.52,4,1.54,224,03/24/2026 14:15:02
2026-03-24 18:15:02.665771,,SPY,20260324,653,C,1.52,61,1.54,224,03/24/2026 14:15:02
2026-03-24 18:15:02.665833,,SPY,20260324,653,C,1.52,61,1.54,224,03/24/2026 14:15:02
2026-03-24 18:15:02.929598,,SPY,20260324,653,C,1.52,61,1.53,5,03/24/2026 14:15:02
2026-03-24 18:15:02.929621,,SPY,20260324,653,C,1.52,61,1.53,5,03/24/2026 14:15:02
2026-03-24 18:15:03.031188,,SPY,20260324,653,C,1.52,61,1.54,880,03/24/2026 14:15:03
2026-03-24 18:15:03.031238,,SPY,20260324,653,C,1.52,42,1.54,880,03/24/2026 14:15:03
2026-03-24 18:15:03.031343,,SPY,20260324,653,C,1.52,42,1.54,880,03/24/2026 14:15:03
2026-03-24 18:15:03.166669,,SPY,20260324,653,C,1.52,42,1.53,1,03/24/2026 14:15:03
2026-03-24 18:15:03.166695,,SPY,20260324,653,C,1.52,107,1.53,1,03/24/2026 14:15:03
2026-03-24 18:15:03.166720,,SPY,20260324,653,C,1.52,107,1.53,1,03/24/2026 14:15:03
2026-03-24 18:15:03.266061,,SPY,20260324,653,C,1.5,657,1.53,1,03/24/2026 14:15:03
2026-03-24 18:15:03.266107,,SPY,20260324,653,C,1.5,657,1.52,97,03/24/2026 14:15:03
2026-03-24 18:15:03.266144,,SPY,20260324,653,C,1.5,657,1.52,97,03/24/2026 14:15:03
2026-03-24 18:15:03.266246,,SPY,20260324,653,C,1.5,657,1.52,97,03/24/2026 14:15:03
2026-03-24 18:15:03.564555,,SPY,20260324,653,C,1.51,153,1.52,97,03/24/2026 14:15:03
2026-03-24 18:15:03.564620,,SPY,20260324,653,C,1.51,153,1.53,497,03/24/2026 14:15:03
2026-03-24 18:15:03.564672,,SPY,20260324,653,C,1.51,153,1.53,497,03/24/2026 14:15:03
2026-03-24 18:15:03.564725,,SPY,20260324,653,C,1.51,153,1.53,497,03/24/2026 14:15:03
2026-03-24 18:15:03.729393,,SPY,20260324,653,C,1.51,153,1.52,37,03/24/2026 14:15:03
2026-03-24 18:15:03.729486,,SPY,20260324,653,C,1.51,103,1.52,37,03/24/2026 14:15:03
2026-03-24 18:15:03.729547,,SPY,20260324,653,C,1.51,103,1.52,37,03/24/2026 14:15:03
2026-03-24 18:15:03.832276,,SPY,20260324,653,C,1.51,107,1.52,37,03/24/2026 14:15:03
2026-03-24 18:15:03.832407,,SPY,20260324,653,C,1.51,107,1.52,73,03/24/2026 14:15:03
2026-03-24 18:15:03.932708,,SPY,20260324,653,C,1.5,405,1.52,73,03/24/2026 14:15:03
2026-03-24 18:15:03.932745,,SPY,20260324,653,C,1.5,405,1.52,73,03/24/2026 14:15:03
2026-03-24 18:15:03.932786,,SPY,20260324,653,C,1.5,405,1.52,250,03/24/2026 14:15:03
2026-03-24 18:15:04.232130,,SPY,20260324,653,C,1.51,31,1.52,250,03/24/2026 14:15:04
2026-03-24 18:15:04.232138,,SPY,20260324,653,C,1.51,31,1.52,250,03/24/2026 14:15:04
2026-03-24 18:15:04.232145,,SPY,20260324,653,C,1.51,31,1.52,159,03/24/2026 14:15:04
2026-03-24 18:15:04.323714,,SPY,20260324,653,C,1.51,31,1.53,247,03/24/2026 14:15:04
2026-03-24 18:15:04.323752,,SPY,20260324,653,C,1.51,231,1.53,247,03/24/2026 14:15:04
2026-03-24 18:15:04.323765,,SPY,20260324,653,C,1.51,231,1.53,247,03/24/2026 14:15:04
2026-03-24 18:15:04.467973,,SPY,20260324,653,C,1.52,2,1.53,247,03/24/2026 14:15:04
2026-03-24 18:15:04.467984,,SPY,20260324,653,C,1.52,2,1.53,247,03/24/2026 14:15:04
2026-03-24 18:15:04.467996,,SPY,20260324,653,C,1.52,2,1.53,66,03/24/2026 14:15:04
2026-03-24 18:15:04.532809,,SPY,20260324,653,C,1.53,3,1.54,124,03/24/2026 14:15:04
2026-03-24 18:15:04.532822,,SPY,20260324,653,C,1.53,3,1.54,124,03/24/2026 14:15:04
2026-03-24 18:15:04.532835,,SPY,20260324,653,C,1.53,3,1.54,124,03/24/2026 14:15:04
2026-03-24 18:15:04.631068,,SPY,20260324,653,C,1.51,539,1.54,124,03/24/2026 14:15:04
2026-03-24 18:15:04.631081,,SPY,20260324,653,C,1.51,539,1.53,113,03/24/2026 14:15:04
2026-03-24 18:15:04.631090,,SPY,20260324,653,C,1.51,539,1.53,113,03/24/2026 14:15:04
2026-03-24 18:15:04.631098,,SPY,20260324,653,C,1.51,539,1.53,113,03/24/2026 14:15:04
2026-03-24 18:15:04.831327,,SPY,20260324,653,C,1.52,172,1.53,113,03/24/2026 14:15:04
2026-03-24 18:15:04.831368,,SPY,20260324,653,C,1.52,172,1.54,662,03/24/2026 14:15:04
2026-03-24 18:15:04.831408,,SPY,20260324,653,C,1.52,172,1.54,662,03/24/2026 14:15:04
2026-03-24 18:15:04.831429,,SPY,20260324,653,C,1.52,172,1.54,662,03/24/2026 14:15:04
2026-03-24 18:15:05.028277,,SPY,20260324,653,C,1.51,662,1.54,662,03/24/2026 14:15:05
2026-03-24 18:15:05.028288,,SPY,20260324,653,C,1.51,662,1.53,295,03/24/2026 14:15:05
2026-03-24 18:15:05.028297,,SPY,20260324,653,C,1.51,662,1.53,295,03/24/2026 14:15:05
2026-03-24 18:15:05.028305,,SPY,20260324,653,C,1.51,662,1.53,295,03/24/2026 14:15:05
2026-03-24 18:15:05.131444,,SPY,20260324,653,C,1.52,34,1.53,295,03/24/2026 14:15:05
2026-03-24 18:15:05.131470,,SPY,20260324,653,C,1.52,34,1.54,1013,03/24/2026 14:15:05
2026-03-24 18:15:05.131496,,SPY,20260324,653,C,1.52,34,1.54,1013,03/24/2026 14:15:05
2026-03-24 18:15:05.131509,,SPY,20260324,653,C,1.52,34,1.54,1013,03/24/2026 14:15:05
2026-03-24 18:15:05.332912,,SPY,20260324,653,C,1.52,34,1.53,37,03/24/2026 14:15:05
2026-03-24 18:15:05.332953,,SPY,20260324,653,C,1.52,34,1.53,37,03/24/2026 14:15:05
2026-03-24 18:15:05.470936,,SPY,20260324,653,C,1.52,34,1.54,725,03/24/2026 14:15:05
2026-03-24 18:15:05.470983,,SPY,20260324,653,C,1.52,80,1.54,725,03/24/2026 14:15:05
2026-03-24 18:15:05.471008,,SPY,20260324,653,C,1.52,80,1.54,725,03/24/2026 14:15:05
2026-03-24 18:15:05.634421,,SPY,20260324,653,C,1.51,303,1.54,725,03/24/2026 14:15:05
2026-03-24 18:15:05.634437,,SPY,20260324,653,C,1.51,303,1.53,214,03/24/2026 14:15:05
2026-03-24 18:15:05.634450,,SPY,20260324,653,C,1.51,303,1.53,214,03/24/2026 14:15:05
2026-03-24 18:15:05.634463,,SPY,20260324,653,C,1.51,303,1.53,214,03/24/2026 14:15:05
2026-03-24 18:15:05.873585,,SPY,20260324,653,C,1.52,5,1.53,214,03/24/2026 14:15:05
2026-03-24 18:15:05.873609,,SPY,20260324,653,C,1.52,5,1.53,214,03/24/2026 14:15:05
2026-03-24 18:15:05.873635,,SPY,20260324,653,C,1.52,5,1.53,86,03/24/2026 14:15:05
2026-03-24 18:15:05.971760,,SPY,20260324,653,C,1.51,457,1.53,86,03/24/2026 14:15:05
2026-03-24 18:15:05.971836,,SPY,20260324,653,C,1.51,457,1.53,86,03/24/2026 14:15:05
2026-03-24 18:15:05.971891,,SPY,20260324,653,C,1.51,457,1.53,103,03/24/2026 14:15:05
2026-03-24 18:15:06.037942,,SPY,20260324,653,C,1.51,621,1.53,103,03/24/2026 14:15:06
2026-03-24 18:15:06.037971,,SPY,20260324,653,C,1.51,621,1.53,25,03/24/2026 14:15:06
2026-03-24 18:15:06.146260,,SPY,20260324,653,C,1.52,80,1.53,25,03/24/2026 14:15:06
2026-03-24 18:15:06.146289,,SPY,20260324,653,C,1.52,80,1.54,700,03/24/2026 14:15:06
2026-03-24 18:15:06.146311,,SPY,20260324,653,C,1.52,80,1.54,700,03/24/2026 14:15:06
2026-03-24 18:15:06.146333,,SPY,20260324,653,C,1.52,80,1.54,700,03/24/2026 14:15:06
2026-03-24 18:15:06.290780,,SPY,20260324,653,C,1.52,34,1.54,700,03/24/2026 14:15:06
2026-03-24 18:15:06.290854,,SPY,20260324,653,C,1.52,34,1.54,737,03/24/2026 14:15:06
2026-03-24 18:15:06.344966,,SPY,20260324,653,C,1.52,44,1.54,737,03/24/2026 14:15:06
2026-03-24 18:15:06.345002,,SPY,20260324,653,C,1.52,44,1.54,815,03/24/2026 14:15:06
2026-03-24 18:15:06.476603,,SPY,20260324,653,C,1.51,285,1.54,815,03/24/2026 14:15:06
2026-03-24 18:15:06.476651,,SPY,20260324,653,C,1.51,285,1.53,477,03/24/2026 14:15:06
2026-03-24 18:15:06.476687,,SPY,20260324,653,C,1.51,285,1.53,477,03/24/2026 14:15:06
2026-03-24 18:15:06.476719,,SPY,20260324,653,C,1.51,285,1.53,477,03/24/2026 14:15:06
2026-03-24 18:15:06.585216,,SPY,20260324,653,C,1.5,23,1.53,477,03/24/2026 14:15:06
2026-03-24 18:15:06.585475,,SPY,20260324,653,C,1.5,23,1.51,5,03/24/2026 14:15:06
2026-03-24 18:15:06.585513,,SPY,20260324,653,C,1.5,23,1.51,5,03/24/2026 14:15:06
2026-03-24 18:15:06.585551,,SPY,20260324,653,C,1.5,23,1.51,5,03/24/2026 14:15:06
2026-03-24 18:15:06.837420,,SPY,20260324,653,C,1.48,231,1.51,5,03/24/2026 14:15:06
2026-03-24 18:15:06.837457,,SPY,20260324,653,C,1.48,231,1.49,7,03/24/2026 14:15:06
2026-03-24 18:15:06.837511,,SPY,20260324,653,C,1.48,231,1.49,7,03/24/2026 14:15:06
2026-03-24 18:15:06.837551,,SPY,20260324,653,C,1.48,231,1.49,7,03/24/2026 14:15:06
2026-03-24 18:15:06.936538,,SPY,20260324,653,C,1.47,221,1.49,7,03/24/2026 14:15:06
2026-03-24 18:15:06.936580,,SPY,20260324,653,C,1.47,221,1.49,7,03/24/2026 14:15:06
2026-03-24 18:15:06.936606,,SPY,20260324,653,C,1.47,221,1.49,313,03/24/2026 14:15:06
2026-03-24 18:15:07.432348,,SPY,20260324,653,C,1.47,221,1.48,37,03/24/2026 14:15:07
2026-03-24 18:15:07.432355,,SPY,20260324,653,C,1.47,54,1.48,37,03/24/2026 14:15:07
2026-03-24 18:15:07.432362,,SPY,20260324,653,C,1.47,54,1.48,37,03/24/2026 14:15:07
2026-03-24 18:15:07.774119,,SPY,20260324,653,C,1.47,54,1.49,648,03/24/2026 14:15:07
2026-03-24 18:15:07.774131,,SPY,20260324,653,C,1.47,110,1.49,648,03/24/2026 14:15:07
2026-03-24 18:15:07.774144,,SPY,20260324,653,C,1.47,110,1.49,648,03/24/2026 14:15:07
2026-03-24 18:15:08.038744,,SPY,20260324,653,C,1.48,2,1.49,648,03/24/2026 14:15:08
2026-03-24 18:15:08.038768,,SPY,20260324,653,C,1.48,2,1.49,648,03/24/2026 14:15:08
2026-03-24 18:15:08.038792,,SPY,20260324,653,C,1.48,2,1.49,268,03/24/2026 14:15:08
2026-03-24 18:15:08.166942,,SPY,20260324,653,C,1.48,153,1.49,268,03/24/2026 14:15:08
2026-03-24 18:15:08.166958,,SPY,20260324,653,C,1.48,153,1.49,31,03/24/2026 14:15:08
2026-03-24 18:15:08.538235,,SPY,20260324,653,C,1.48,85,1.49,31,03/24/2026 14:15:08
2026-03-24 18:15:08.538242,,SPY,20260324,653,C,1.48,85,1.49,5,03/24/2026 14:15:08
2026-03-24 18:15:08.637175,,SPY,20260324,653,C,1.48,85,1.5,580,03/24/2026 14:15:08
2026-03-24 18:15:08.637199,,SPY,20260324,653,C,1.48,72,1.5,580,03/24/2026 14:15:08
2026-03-24 18:15:08.637212,,SPY,20260324,653,C,1.48,72,1.5,580,03/24/2026 14:15:08
2026-03-24 18:15:08.839751,,SPY,20260324,653,C,1.48,343,1.5,580,03/24/2026 14:15:08
2026-03-24 18:15:08.839765,,SPY,20260324,653,C,1.48,343,1.5,228,03/24/2026 14:15:08
2026-03-24 18:15:09.039121,,SPY,20260324,653,C,1.49,5,1.5,228,03/24/2026 14:15:09
2026-03-24 18:15:09.039140,,SPY,20260324,653,C,1.49,5,1.5,228,03/24/2026 14:15:09
2026-03-24 18:15:09.039158,,SPY,20260324,653,C,1.49,5,1.5,286,03/24/2026 14:15:09
2026-03-24 18:15:09.277797,,SPY,20260324,653,C,1.48,512,1.5,286,03/24/2026 14:15:09
2026-03-24 18:15:09.277833,,SPY,20260324,653,C,1.48,512,1.5,286,03/24/2026 14:15:09
2026-03-24 18:15:09.277871,,SPY,20260324,653,C,1.48,512,1.5,168,03/24/2026 14:15:09
2026-03-24 18:15:09.337969,,SPY,20260324,653,C,1.49,5,1.5,168,03/24/2026 14:15:09
2026-03-24 18:15:09.338036,,SPY,20260324,653,C,1.49,5,1.5,168,03/24/2026 14:15:09
2026-03-24 18:15:09.338067,,SPY,20260324,653,C,1.49,5,1.5,104,03/24/2026 14:15:09
2026-03-24 18:15:09.434548,,SPY,20260324,653,C,1.49,5,1.51,718,03/24/2026 14:15:09
2026-03-24 18:15:09.434586,,SPY,20260324,653,C,1.49,76,1.51,718,03/24/2026 14:15:09
2026-03-24 18:15:09.434608,,SPY,20260324,653,C,1.49,76,1.51,718,03/24/2026 14:15:09
2026-03-24 18:15:09.538341,,SPY,20260324,653,C,1.49,76,1.5,110,03/24/2026 14:15:09
2026-03-24 18:15:09.538402,,SPY,20260324,653,C,1.49,110,1.5,110,03/24/2026 14:15:09
2026-03-24 18:15:09.538431,,SPY,20260324,653,C,1.49,110,1.5,110,03/24/2026 14:15:09
2026-03-24 18:15:10.258600,,SPY,20260324,653,C,1.47,293,1.5,110,03/24/2026 14:15:10
2026-03-24 18:15:10.258614,,SPY,20260324,653,C,1.47,293,1.49,234,03/24/2026 14:15:10
2026-03-24 18:15:10.258623,,SPY,20260324,653,C,1.47,293,1.49,234,03/24/2026 14:15:10
2026-03-24 18:15:10.258631,,SPY,20260324,653,C,1.47,293,1.49,234,03/24/2026 14:15:10
2026-03-24 18:15:10.490391,,SPY,20260324,653,C,1.46,369,1.49,234,03/24/2026 14:15:10
2026-03-24 18:15:10.490402,,SPY,20260324,653,C,1.46,369,1.48,262,03/24/2026 14:15:10
2026-03-24 18:15:10.490413,,SPY,20260324,653,C,1.46,369,1.48,262,03/24/2026 14:15:10
2026-03-24 18:15:10.490422,,SPY,20260324,653,C,1.46,369,1.48,262,03/24/2026 14:15:10
2026-03-24 18:15:10.561155,,SPY,20260324,653,C,1.46,201,1.48,262,03/24/2026 14:15:10
2026-03-24 18:15:10.561175,,SPY,20260324,653,C,1.46,201,1.48,439,03/24/2026 14:15:10
2026-03-24 18:15:10.721247,,SPY,20260324,653,C,1.46,180,1.48,439,03/24/2026 14:15:10
2026-03-24 18:15:10.721255,,SPY,20260324,653,C,1.46,180,1.48,218,03/24/2026 14:15:10
2026-03-24 18:15:10.978257,,SPY,20260324,653,C,1.47,27,1.48,218,03/24/2026 14:15:10
2026-03-24 18:15:10.978273,,SPY,20260324,653,C,1.47,27,1.48,218,03/24/2026 14:15:10
2026-03-24 18:15:10.978290,,SPY,20260324,653,C,1.47,27,1.48,78,03/24/2026 14:15:10
2026-03-24 18:15:11.142929,,SPY,20260324,653,C,1.47,97,1.48,78,03/24/2026 14:15:11
2026-03-24 18:15:11.142941,,SPY,20260324,653,C,1.47,97,1.48,5,03/24/2026 14:15:11
2026-03-24 18:15:11.378474,,SPY,20260324,653,C,1.47,87,1.48,5,03/24/2026 14:15:11
2026-03-24 18:15:11.543917,,SPY,20260324,653,C,1.47,87,1.49,716,03/24/2026 14:15:11
2026-03-24 18:15:11.543947,,SPY,20260324,653,C,1.47,125,1.49,716,03/24/2026 14:15:11
2026-03-24 18:15:11.543972,,SPY,20260324,653,C,1.47,125,1.49,716,03/24/2026 14:15:11
2026-03-24 18:15:11.734391,,SPY,20260324,653,C,1.47,125,1.48,5,03/24/2026 14:15:11
2026-03-24 18:15:11.734423,,SPY,20260324,653,C,1.47,217,1.48,5,03/24/2026 14:15:11
2026-03-24 18:15:11.734455,,SPY,20260324,653,C,1.47,217,1.48,5,03/24/2026 14:15:11
2026-03-24 18:15:11.841254,,SPY,20260324,653,C,1.47,101,1.48,5,03/24/2026 14:15:11
2026-03-24 18:15:11.942959,,SPY,20260324,653,C,1.48,237,1.5,631,03/24/2026 14:15:11
2026-03-24 18:15:11.942982,,SPY,20260324,653,C,1.48,237,1.5,631,03/24/2026 14:15:11
2026-03-24 18:15:11.943003,,SPY,20260324,653,C,1.48,237,1.5,631,03/24/2026 14:15:11
2026-03-24 18:15:12.174949,,SPY,20260324,653,C,1.46,11,1.5,631,03/24/2026 14:15:12
2026-03-24 18:15:12.174981,,SPY,20260324,653,C,1.46,11,1.47,5,03/24/2026 14:15:12
2026-03-24 18:15:12.175011,,SPY,20260324,653,C,1.46,11,1.47,5,03/24/2026 14:15:12
2026-03-24 18:15:12.175041,,SPY,20260324,653,C,1.46,11,1.47,5,03/24/2026 14:15:12
2026-03-24 18:15:12.742842,,SPY,20260324,653,C,1.46,202,1.47,5,03/24/2026 14:15:12
2026-03-24 18:15:12.742895,,SPY,20260324,653,C,1.46,202,1.47,9,03/24/2026 14:15:12
2026-03-24 18:15:12.881085,,SPY,20260324,653,C,1.46,202,1.48,186,03/24/2026 14:15:12
2026-03-24 18:15:12.881096,,SPY,20260324,653,C,1.46,338,1.48,186,03/24/2026 14:15:12
2026-03-24 18:15:12.881107,,SPY,20260324,653,C,1.46,338,1.48,186,03/24/2026 14:15:12
2026-03-24 18:15:13.144571,,SPY,20260324,653,C,1.47,365,1.48,186,03/24/2026 14:15:13
2026-03-24 18:15:13.144602,,SPY,20260324,653,C,1.47,365,1.49,257,03/24/2026 14:15:13
2026-03-24 18:15:13.144628,,SPY,20260324,653,C,1.47,365,1.49,257,03/24/2026 14:15:13
2026-03-24 18:15:13.144653,,SPY,20260324,653,C,1.47,365,1.49,257,03/24/2026 14:15:13
2026-03-24 18:15:13.344316,,SPY,20260324,653,C,1.47,110,1.49,257,03/24/2026 14:15:13
2026-03-24 18:15:13.344388,,SPY,20260324,653,C,1.47,110,1.49,660,03/24/2026 14:15:13
2026-03-24 18:15:13.442379,,SPY,20260324,653,C,1.47,110,1.48,45,03/24/2026 14:15:13
2026-03-24 18:15:13.442400,,SPY,20260324,653,C,1.47,72,1.48,45,03/24/2026 14:15:13
2026-03-24 18:15:13.442415,,SPY,20260324,653,C,1.47,72,1.48,45,03/24/2026 14:15:13
2026-03-24 18:15:13.584482,,SPY,20260324,653,C,1.47,72,1.49,449,03/24/2026 14:15:13
2026-03-24 18:15:13.584519,,SPY,20260324,653,C,1.47,87,1.49,449,03/24/2026 14:15:13
2026-03-24 18:15:13.584558,,SPY,20260324,653,C,1.47,87,1.49,449,03/24/2026 14:15:13
2026-03-24 18:15:13.644576,,SPY,20260324,653,C,1.46,634,1.49,449,03/24/2026 14:15:13
2026-03-24 18:15:13.644611,,SPY,20260324,653,C,1.46,634,1.48,91,03/24/2026 14:15:13
2026-03-24 18:15:13.644639,,SPY,20260324,653,C,1.46,634,1.48,91,03/24/2026 14:15:13
2026-03-24 18:15:13.644673,,SPY,20260324,653,C,1.46,634,1.48,91,03/24/2026 14:15:13
2026-03-24 18:15:14.055181,,SPY,20260324,653,C,1.47,27,1.48,91,03/24/2026 14:15:14
2026-03-24 18:15:14.055229,,SPY,20260324,653,C,1.47,27,1.49,633,03/24/2026 14:15:14
2026-03-24 18:15:14.055267,,SPY,20260324,653,C,1.47,27,1.49,633,03/24/2026 14:15:14
2026-03-24 18:15:14.055306,,SPY,20260324,653,C,1.47,27,1.49,633,03/24/2026 14:15:14
2026-03-24 18:15:14.245512,,SPY,20260324,653,C,1.46,974,1.49,633,03/24/2026 14:15:14
2026-03-24 18:15:14.245577,,SPY,20260324,653,C,1.46,974,1.48,66,03/24/2026 14:15:14
2026-03-24 18:15:14.245627,,SPY,20260324,653,C,1.46,974,1.48,66,03/24/2026 14:15:14
2026-03-24 18:15:14.245680,,SPY,20260324,653,C,1.46,974,1.48,66,03/24/2026 14:15:14
2026-03-24 18:15:14.455889,,SPY,20260324,653,C,1.46,153,1.48,66,03/24/2026 14:15:14
2026-03-24 18:15:14.455919,,SPY,20260324,653,C,1.46,153,1.48,515,03/24/2026 14:15:14
2026-03-24 18:15:14.545818,,SPY,20260324,653,C,1.46,153,1.47,9,03/24/2026 14:15:14
2026-03-24 18:15:14.545893,,SPY,20260324,653,C,1.46,103,1.47,9,03/24/2026 14:15:14
2026-03-24 18:15:14.545953,,SPY,20260324,653,C,1.46,103,1.47,9,03/24/2026 14:15:14
2026-03-24 18:15:14.786652,,SPY,20260324,653,C,1.43,263,1.47,9,03/24/2026 14:15:14
2026-03-24 18:15:14.786682,,SPY,20260324,653,C,1.43,263,1.45,27,03/24/2026 14:15:14
2026-03-24 18:15:14.786706,,SPY,20260324,653,C,1.43,263,1.45,27,03/24/2026 14:15:14
2026-03-24 18:15:14.786731,,SPY,20260324,653,C,1.43,263,1.45,27,03/24/2026 14:15:14
2026-03-24 18:15:14.985104,,SPY,20260324,653,C,1.43,263,1.44,4,03/24/2026 14:15:14
2026-03-24 18:15:14.985160,,SPY,20260324,653,C,1.43,270,1.44,4,03/24/2026 14:15:14
2026-03-24 18:15:14.985214,,SPY,20260324,653,C,1.43,270,1.44,4,03/24/2026 14:15:14
2026-03-24 18:15:15.083396,,SPY,20260324,653,C,1.43,270,1.45,209,03/24/2026 14:15:15
2026-03-24 18:15:15.083459,,SPY,20260324,653,C,1.43,273,1.45,209,03/24/2026 14:15:15
2026-03-24 18:15:15.083513,,SPY,20260324,653,C,1.43,273,1.45,209,03/24/2026 14:15:15
2026-03-24 18:15:15.249496,,SPY,20260324,653,C,1.44,33,1.45,209,03/24/2026 14:15:15
2026-03-24 18:15:15.249565,,SPY,20260324,653,C,1.44,33,1.45,209,03/24/2026 14:15:15
2026-03-24 18:15:15.249620,,SPY,20260324,653,C,1.44,33,1.45,28,03/24/2026 14:15:15
2026-03-24 18:15:15.351303,,SPY,20260324,653,C,1.43,117,1.45,28,03/24/2026 14:15:15
2026-03-24 18:15:15.351349,,SPY,20260324,653,C,1.43,117,1.44,9,03/24/2026 14:15:15
2026-03-24 18:15:15.351386,,SPY,20260324,653,C,1.43,117,1.44,9,03/24/2026 14:15:15
2026-03-24 18:15:15.351431,,SPY,20260324,653,C,1.43,117,1.44,9,03/24/2026 14:15:15
2026-03-24 18:15:15.548111,,SPY,20260324,653,C,1.42,436,1.44,9,03/24/2026 14:15:15
2026-03-24 18:15:15.548176,,SPY,20260324,653,C,1.42,436,1.43,4,03/24/2026 14:15:15
2026-03-24 18:15:15.548229,,SPY,20260324,653,C,1.42,436,1.43,4,03/24/2026 14:15:15
2026-03-24 18:15:15.548290,,SPY,20260324,653,C,1.42,436,1.43,4,03/24/2026 14:15:15
2026-03-24 18:15:15.647291,,SPY,20260324,653,C,1.42,436,1.44,508,03/24/2026 14:15:15
2026-03-24 18:15:15.647367,,SPY,20260324,653,C,1.42,264,1.44,508,03/24/2026 14:15:15
2026-03-24 18:15:15.647397,,SPY,20260324,653,C,1.42,264,1.44,508,03/24/2026 14:15:15
2026-03-24 18:15:15.885287,,SPY,20260324,653,C,1.41,372,1.44,508,03/24/2026 14:15:15
2026-03-24 18:15:15.885316,,SPY,20260324,653,C,1.41,372,1.43,415,03/24/2026 14:15:15
2026-03-24 18:15:15.885341,,SPY,20260324,653,C,1.41,372,1.43,415,03/24/2026 14:15:15
2026-03-24 18:15:15.885368,,SPY,20260324,653,C,1.41,372,1.43,415,03/24/2026 14:15:15
2026-03-24 18:15:16.049772,,SPY,20260324,653,C,1.42,5,1.43,415,03/24/2026 14:15:16
2026-03-24 18:15:16.049818,,SPY,20260324,653,C,1.42,5,1.44,776,03/24/2026 14:15:16
2026-03-24 18:15:16.049854,,SPY,20260324,653,C,1.42,5,1.44,776,03/24/2026 14:15:16
2026-03-24 18:15:16.049891,,SPY,20260324,653,C,1.42,5,1.44,776,03/24/2026 14:15:16
2026-03-24 18:15:16.376289,,SPY,20260324,653,C,1.41,153,1.44,776,03/24/2026 14:15:16
2026-03-24 18:15:16.376298,,SPY,20260324,653,C,1.41,153,1.43,665,03/24/2026 14:15:16
2026-03-24 18:15:16.376306,,SPY,20260324,653,C,1.41,153,1.43,665,03/24/2026 14:15:16
2026-03-24 18:15:16.376313,,SPY,20260324,653,C,1.41,153,1.43,665,03/24/2026 14:15:16
2026-03-24 18:15:16.452127,,SPY,20260324,653,C,1.42,5,1.43,665,03/24/2026 14:15:16
2026-03-24 18:15:16.452156,,SPY,20260324,653,C,1.42,5,1.43,665,03/24/2026 14:15:16
2026-03-24 18:15:16.452186,,SPY,20260324,653,C,1.42,5,1.43,252,03/24/2026 14:15:16
2026-03-24 18:15:16.589856,,SPY,20260324,653,C,1.42,5,1.44,737,03/24/2026 14:15:16
2026-03-24 18:15:16.589881,,SPY,20260324,653,C,1.42,140,1.44,737,03/24/2026 14:15:16
2026-03-24 18:15:16.589906,,SPY,20260324,653,C,1.42,140,1.44,737,03/24/2026 14:15:16
2026-03-24 18:15:16.656157,,SPY,20260324,653,C,1.42,140,1.43,78,03/24/2026 14:15:16
2026-03-24 18:15:16.656184,,SPY,20260324,653,C,1.42,27,1.43,78,03/24/2026 14:15:16
2026-03-24 18:15:16.656210,,SPY,20260324,653,C,1.42,27,1.43,78,03/24/2026 14:15:16
2026-03-24 18:15:16.751872,,SPY,20260324,653,C,1.41,337,1.43,78,03/24/2026 14:15:16
2026-03-24 18:15:16.751896,,SPY,20260324,653,C,1.41,337,1.43,78,03/24/2026 14:15:16
2026-03-24 18:15:16.751922,,SPY,20260324,653,C,1.41,337,1.43,390,03/24/2026 14:15:16
2026-03-24 18:15:17.092696,,SPY,20260324,653,C,1.41,468,1.43,390,03/24/2026 14:15:17
2026-03-24 18:15:17.092722,,SPY,20260324,653,C,1.41,468,1.43,302,03/24/2026 14:15:17
2026-03-24 18:15:17.160686,,SPY,20260324,653,C,1.42,7,1.43,302,03/24/2026 14:15:17
2026-03-24 18:15:17.160722,,SPY,20260324,653,C,1.42,7,1.43,302,03/24/2026 14:15:17
2026-03-24 18:15:17.160752,,SPY,20260324,653,C,1.42,7,1.43,254,03/24/2026 14:15:17
2026-03-24 18:15:17.480340,,SPY,20260324,653,C,1.41,157,1.43,254,03/24/2026 14:15:17
2026-03-24 18:15:17.480369,,SPY,20260324,653,C,1.41,157,1.42,2,03/24/2026 14:15:17
2026-03-24 18:15:17.480393,,SPY,20260324,653,C,1.41,157,1.42,2,03/24/2026 14:15:17
2026-03-24 18:15:17.480419,,SPY,20260324,653,C,1.41,157,1.42,2,03/24/2026 14:15:17
2026-03-24 18:15:17.591219,,SPY,20260324,653,C,1.41,5,1.42,2,03/24/2026 14:15:17
2026-03-24 18:15:17.591245,,SPY,20260324,653,C,1.41,5,1.42,378,03/24/2026 14:15:17
2026-03-24 18:15:17.752538,,SPY,20260324,653,C,1.41,5,1.42,305,03/24/2026 14:15:17
2026-03-24 18:15:17.851692,,SPY,20260324,653,C,1.42,1,1.43,327,03/24/2026 14:15:17
2026-03-24 18:15:17.851747,,SPY,20260324,653,C,1.42,1,1.43,327,03/24/2026 14:15:17
2026-03-24 18:15:17.851801,,SPY,20260324,653,C,1.42,1,1.43,327,03/24/2026 14:15:17
2026-03-24 18:15:18.055502,,SPY,20260324,653,C,1.41,227,1.43,327,03/24/2026 14:15:18
2026-03-24 18:15:18.055568,,SPY,20260324,653,C,1.41,227,1.43,327,03/24/2026 14:15:18
2026-03-24 18:15:18.055606,,SPY,20260324,653,C,1.41,227,1.43,980,03/24/2026 14:15:18
2026-03-24 18:15:18.255031,,SPY,20260324,653,C,1.4,384,1.43,980,03/24/2026 14:15:18
2026-03-24 18:15:18.255062,,SPY,20260324,653,C,1.4,384,1.42,532,03/24/2026 14:15:18
2026-03-24 18:15:18.255090,,SPY,20260324,653,C,1.4,384,1.42,532,03/24/2026 14:15:18
2026-03-24 18:15:18.255117,,SPY,20260324,653,C,1.4,384,1.42,532,03/24/2026 14:15:18
2026-03-24 18:15:18.353778,,SPY,20260324,653,C,1.39,255,1.42,532,03/24/2026 14:15:18
2026-03-24 18:15:18.353808,,SPY,20260324,653,C,1.39,255,1.41,200,03/24/2026 14:15:18
2026-03-24 18:15:18.353865,,SPY,20260324,653,C,1.39,255,1.41,200,03/24/2026 14:15:18
2026-03-24 18:15:18.353894,,SPY,20260324,653,C,1.39,255,1.41,200,03/24/2026 14:15:18
2026-03-24 18:15:18.454892,,SPY,20260324,653,C,1.37,128,1.41,200,03/24/2026 14:15:18
2026-03-24 18:15:18.454923,,SPY,20260324,653,C,1.37,128,1.39,41,03/24/2026 14:15:18
2026-03-24 18:15:18.454948,,SPY,20260324,653,C,1.37,128,1.39,41,03/24/2026 14:15:18
2026-03-24 18:15:18.454972,,SPY,20260324,653,C,1.37,128,1.39,41,03/24/2026 14:15:18
2026-03-24 18:15:18.592961,,SPY,20260324,653,C,1.36,9,1.39,41,03/24/2026 14:15:18
2026-03-24 18:15:18.592991,,SPY,20260324,653,C,1.36,9,1.38,330,03/24/2026 14:15:18
2026-03-24 18:15:18.593018,,SPY,20260324,653,C,1.36,9,1.38,330,03/24/2026 14:15:18
2026-03-24 18:15:18.593043,,SPY,20260324,653,C,1.36,9,1.38,330,03/24/2026 14:15:18
2026-03-24 18:15:18.706998,,SPY,20260324,653,C,1.35,194,1.38,330,03/24/2026 14:15:18
2026-03-24 18:15:18.707028,,SPY,20260324,653,C,1.35,194,1.37,175,03/24/2026 14:15:18
2026-03-24 18:15:18.707061,,SPY,20260324,653,C,1.35,194,1.37,175,03/24/2026 14:15:18
2026-03-24 18:15:18.707086,,SPY,20260324,653,C,1.35,194,1.37,175,03/24/2026 14:15:18
2026-03-24 18:15:18.813823,,SPY,20260324,653,C,1.35,45,1.37,175,03/24/2026 14:15:18
2026-03-24 18:15:18.813877,,SPY,20260324,653,C,1.35,45,1.37,88,03/24/2026 14:15:18
2026-03-24 18:15:18.877177,,SPY,20260324,653,C,1.35,45,1.36,5,03/24/2026 14:15:18
2026-03-24 18:15:18.877194,,SPY,20260324,653,C,1.35,90,1.36,5,03/24/2026 14:15:18
2026-03-24 18:15:18.877210,,SPY,20260324,653,C,1.35,90,1.36,5,03/24/2026 14:15:18
2026-03-24 18:15:19.045626,,SPY,20260324,653,C,1.34,185,1.36,5,03/24/2026 14:15:19
2026-03-24 18:15:19.045663,,SPY,20260324,653,C,1.34,185,1.36,5,03/24/2026 14:15:19
2026-03-24 18:15:19.045702,,SPY,20260324,653,C,1.34,185,1.36,41,03/24/2026 14:15:19
2026-03-24 18:15:19.093701,,SPY,20260324,653,C,1.35,5,1.36,41,03/24/2026 14:15:19
2026-03-24 18:15:19.093757,,SPY,20260324,653,C,1.35,5,1.37,203,03/24/2026 14:15:19
2026-03-24 18:15:19.093797,,SPY,20260324,653,C,1.35,5,1.37,203,03/24/2026 14:15:19
2026-03-24 18:15:19.093835,,SPY,20260324,653,C,1.35,5,1.37,203,03/24/2026 14:15:19
2026-03-24 18:15:19.214534,,SPY,20260324,653,C,1.36,6,1.37,203,03/24/2026 14:15:19
2026-03-24 18:15:19.214571,,SPY,20260324,653,C,1.36,6,1.37,203,03/24/2026 14:15:19
2026-03-24 18:15:19.214609,,SPY,20260324,653,C,1.36,6,1.37,66,03/24/2026 14:15:19
2026-03-24 18:15:19.262956,,SPY,20260324,653,C,1.35,113,1.37,66,03/24/2026 14:15:19
2026-03-24 18:15:19.263008,,SPY,20260324,653,C,1.35,113,1.37,66,03/24/2026 14:15:19
2026-03-24 18:15:19.263062,,SPY,20260324,653,C,1.35,113,1.37,47,03/24/2026 14:15:19
2026-03-24 18:15:19.765823,,SPY,20260324,653,C,1.36,2,1.37,47,03/24/2026 14:15:19
2026-03-24 18:15:19.765847,,SPY,20260324,653,C,1.36,2,1.37,47,03/24/2026 14:15:19
2026-03-24 18:15:19.765876,,SPY,20260324,653,C,1.36,2,1.37,204,03/24/2026 14:15:19
2026-03-24 18:15:19.909091,,SPY,20260324,653,C,1.36,2,1.38,10,03/24/2026 14:15:19
2026-03-24 18:15:19.909116,,SPY,20260324,653,C,1.36,1554,1.38,10,03/24/2026 14:15:19
2026-03-24 18:15:19.909141,,SPY,20260324,653,C,1.36,1554,1.38,10,03/24/2026 14:15:19
2026-03-24 18:15:20.028043,,SPY,20260324,653,C,1.38,57,1.39,38,03/24/2026 14:15:20
2026-03-24 18:15:20.028068,,SPY,20260324,653,C,1.38,57,1.39,38,03/24/2026 14:15:20
2026-03-24 18:15:20.028093,,SPY,20260324,653,C,1.38,57,1.39,38,03/24/2026 14:15:20
2026-03-24 18:15:20.083122,,SPY,20260324,653,C,1.37,87,1.39,38,03/24/2026 14:15:20
2026-03-24 18:15:20.083177,,SPY,20260324,653,C,1.37,87,1.39,38,03/24/2026 14:15:20
2026-03-24 18:15:20.083226,,SPY,20260324,653,C,1.37,87,1.39,131,03/24/2026 14:15:20
2026-03-24 18:15:20.202082,,SPY,20260324,653,C,1.37,105,1.39,131,03/24/2026 14:15:20
2026-03-24 18:15:20.202113,,SPY,20260324,653,C,1.37,105,1.39,192,03/24/2026 14:15:20
2026-03-24 18:15:20.385757,,SPY,20260324,653,C,1.38,57,1.39,192,03/24/2026 14:15:20
2026-03-24 18:15:20.385781,,SPY,20260324,653,C,1.38,57,1.39,192,03/24/2026 14:15:20
2026-03-24 18:15:20.385806,,SPY,20260324,653,C,1.38,57,1.39,94,03/24/2026 14:15:20
2026-03-24 18:15:20.481996,,SPY,20260324,653,C,1.38,57,1.4,256,03/24/2026 14:15:20
2026-03-24 18:15:20.482006,,SPY,20260324,653,C,1.38,163,1.4,256,03/24/2026 14:15:20
2026-03-24 18:15:20.482015,,SPY,20260324,653,C,1.38,163,1.4,256,03/24/2026 14:15:20
2026-03-24 18:15:20.597945,,SPY,20260324,653,C,1.38,20,1.4,256,03/24/2026 14:15:20
2026-03-24 18:15:20.597970,,SPY,20260324,653,C,1.38,20,1.4,79,03/24/2026 14:15:20
2026-03-24 18:15:20.729844,,SPY,20260324,653,C,1.4,6,1.41,17,03/24/2026 14:15:20
2026-03-24 18:15:20.729852,,SPY,20260324,653,C,1.4,6,1.41,17,03/24/2026 14:15:20
2026-03-24 18:15:20.729859,,SPY,20260324,653,C,1.4,6,1.41,17,03/24/2026 14:15:20
2026-03-24 18:15:20.792841,,SPY,20260324,653,C,1.39,142,1.41,17,03/24/2026 14:15:20
2026-03-24 18:15:20.792867,,SPY,20260324,653,C,1.39,142,1.41,17,03/24/2026 14:15:20
2026-03-24 18:15:20.792892,,SPY,20260324,653,C,1.39,142,1.41,347,03/24/2026 14:15:20
2026-03-24 18:15:20.910107,,SPY,20260324,653,C,1.4,65,1.41,347,03/24/2026 14:15:20
2026-03-24 18:15:20.910131,,SPY,20260324,653,C,1.4,65,1.41,347,03/24/2026 14:15:20
2026-03-24 18:15:20.910156,,SPY,20260324,653,C,1.4,65,1.41,39,03/24/2026 14:15:20
2026-03-24 18:15:21.003865,,SPY,20260324,653,C,1.4,65,1.42,661,03/24/2026 14:15:21
2026-03-24 18:15:21.003889,,SPY,20260324,653,C,1.4,89,1.42,661,03/24/2026 14:15:21
2026-03-24 18:15:21.003913,,SPY,20260324,653,C,1.4,89,1.42,661,03/24/2026 14:15:21
2026-03-24 18:15:21.122218,,SPY,20260324,653,C,1.41,120,1.42,661,03/24/2026 14:15:21
2026-03-24 18:15:21.122225,,SPY,20260324,653,C,1.41,120,1.42,661,03/24/2026 14:15:21
2026-03-24 18:15:21.122232,,SPY,20260324,653,C,1.41,120,1.42,110,03/24/2026 14:15:21
2026-03-24 18:15:21.312663,,SPY,20260324,653,C,1.41,120,1.43,452,03/24/2026 14:15:21
2026-03-24 18:15:21.312688,,SPY,20260324,653,C,1.41,71,1.43,452,03/24/2026 14:15:21
2026-03-24 18:15:21.312713,,SPY,20260324,653,C,1.41,71,1.43,452,03/24/2026 14:15:21
2026-03-24 18:15:21.387066,,SPY,20260324,653,C,1.41,71,1.42,83,03/24/2026 14:15:21
2026-03-24 18:15:21.387073,,SPY,20260324,653,C,1.41,5,1.42,83,03/24/2026 14:15:21
2026-03-24 18:15:21.387080,,SPY,20260324,653,C,1.41,5,1.42,83,03/24/2026 14:15:21
2026-03-24 18:15:21.613215,,SPY,20260324,653,C,1.41,5,1.42,710,03/24/2026 14:15:21
2026-03-24 18:15:21.674465,,SPY,20260324,653,C,1.4,160,1.42,710,03/24/2026 14:15:21
2026-03-24 18:15:21.674498,,SPY,20260324,653,C,1.4,160,1.42,710,03/24/2026 14:15:21
2026-03-24 18:15:21.674525,,SPY,20260324,653,C,1.4,160,1.42,616,03/24/2026 14:15:21
2026-03-24 18:15:21.795995,,SPY,20260324,653,C,1.4,245,1.42,616,03/24/2026 14:15:21
2026-03-24 18:15:21.796019,,SPY,20260324,653,C,1.4,245,1.42,380,03/24/2026 14:15:21
2026-03-24 18:15:22.052312,,SPY,20260324,653,C,1.41,7,1.42,380,03/24/2026 14:15:22
2026-03-24 18:15:22.052380,,SPY,20260324,653,C,1.41,7,1.42,380,03/24/2026 14:15:22
2026-03-24 18:15:22.052438,,SPY,20260324,653,C,1.41,7,1.42,328,03/24/2026 14:15:22
2026-03-24 18:15:22.261575,,SPY,20260324,653,C,1.41,7,1.43,571,03/24/2026 14:15:22
2026-03-24 18:15:22.261598,,SPY,20260324,653,C,1.41,215,1.43,571,03/24/2026 14:15:22
2026-03-24 18:15:22.261623,,SPY,20260324,653,C,1.41,215,1.43,571,03/24/2026 14:15:22
2026-03-24 18:15:22.599277,,SPY,20260324,653,C,1.42,4,1.43,571,03/24/2026 14:15:22
2026-03-24 18:15:22.599313,,SPY,20260324,653,C,1.42,4,1.43,571,03/24/2026 14:15:22
2026-03-24 18:15:22.599352,,SPY,20260324,653,C,1.42,4,1.43,343,03/24/2026 14:15:22
2026-03-24 18:15:22.700307,,SPY,20260324,653,C,1.43,83,1.44,5,03/24/2026 14:15:22
2026-03-24 18:15:22.700344,,SPY,20260324,653,C,1.43,83,1.44,5,03/24/2026 14:15:22
2026-03-24 18:15:22.700382,,SPY,20260324,653,C,1.43,83,1.44,5,03/24/2026 14:15:22
2026-03-24 18:15:22.804828,,SPY,20260324,653,C,1.42,452,1.44,5,03/24/2026 14:15:22
2026-03-24 18:15:22.804878,,SPY,20260324,653,C,1.42,452,1.44,5,03/24/2026 14:15:22
2026-03-24 18:15:22.804931,,SPY,20260324,653,C,1.42,452,1.44,98,03/24/2026 14:15:22
2026-03-24 18:15:22.998661,,SPY,20260324,653,C,1.43,30,1.44,98,03/24/2026 14:15:22
2026-03-24 18:15:22.998727,,SPY,20260324,653,C,1.43,30,1.45,606,03/24/2026 14:15:22
2026-03-24 18:15:22.998781,,SPY,20260324,653,C,1.43,30,1.45,606,03/24/2026 14:15:22
2026-03-24 18:15:22.998835,,SPY,20260324,653,C,1.43,30,1.45,606,03/24/2026 14:15:22
2026-03-24 18:15:23.059078,,SPY,20260324,653,C,1.43,279,1.45,606,03/24/2026 14:15:23
2026-03-24 18:15:23.059118,,SPY,20260324,653,C,1.43,279,1.45,309,03/24/2026 14:15:23
2026-03-24 18:15:23.359667,,SPY,20260324,653,C,1.43,279,1.44,5,03/24/2026 14:15:23
2026-03-24 18:15:23.359692,,SPY,20260324,653,C,1.43,58,1.44,5,03/24/2026 14:15:23
2026-03-24 18:15:23.359720,,SPY,20260324,653,C,1.43,58,1.44,5,03/24/2026 14:15:23
2026-03-24 18:15:23.460207,,SPY,20260324,653,C,1.43,66,1.44,5,03/24/2026 14:15:23
2026-03-24 18:15:23.460691,,SPY,20260324,653,C,1.43,66,1.44,70,03/24/2026 14:15:23
2026-03-24 18:15:23.563231,,SPY,20260324,653,C,1.42,668,1.44,70,03/24/2026 14:15:23
2026-03-24 18:15:23.563268,,SPY,20260324,653,C,1.42,668,1.44,70,03/24/2026 14:15:23
2026-03-24 18:15:23.563307,,SPY,20260324,653,C,1.42,668,1.44,256,03/24/2026 14:15:23
2026-03-24 18:15:23.662673,,SPY,20260324,653,C,1.42,165,1.44,256,03/24/2026 14:15:23
2026-03-24 18:15:23.662694,,SPY,20260324,653,C,1.42,165,1.44,379,03/24/2026 14:15:23
2026-03-24 18:15:23.898801,,SPY,20260324,653,C,1.44,2,1.45,110,03/24/2026 14:15:23
2026-03-24 18:15:23.898821,,SPY,20260324,653,C,1.44,2,1.45,110,03/24/2026 14:15:23
2026-03-24 18:15:23.898842,,SPY,20260324,653,C,1.44,2,1.45,110,03/24/2026 14:15:23
2026-03-24 18:15:23.999746,,SPY,20260324,653,C,1.44,2,1.46,740,03/24/2026 14:15:23
2026-03-24 18:15:23.999770,,SPY,20260324,653,C,1.44,29,1.46,740,03/24/2026 14:15:23
2026-03-24 18:15:23.999794,,SPY,20260324,653,C,1.44,29,1.46,740,03/24/2026 14:15:23
2026-03-24 18:15:24.100857,,SPY,20260324,653,C,1.44,29,1.45,9,03/24/2026 14:15:24
2026-03-24 18:15:24.100908,,SPY,20260324,653,C,1.44,83,1.45,9,03/24/2026 14:15:24
2026-03-24 18:15:24.100961,,SPY,20260324,653,C,1.44,83,1.45,9,03/24/2026 14:15:24
2026-03-24 18:15:24.198536,,SPY,20260324,653,C,1.45,9,1.46,53,03/24/2026 14:15:24
2026-03-24 18:15:24.198562,,SPY,20260324,653,C,1.45,9,1.46,53,03/24/2026 14:15:24
2026-03-24 18:15:24.198587,,SPY,20260324,653,C,1.45,9,1.46,53,03/24/2026 14:15:24
2026-03-24 18:15:24.262735,,SPY,20260324,653,C,1.45,49,1.46,53,03/24/2026 14:15:24
2026-03-24 18:15:24.262788,,SPY,20260324,653,C,1.45,49,1.46,9,03/24/2026 14:15:24
2026-03-24 18:15:24.462283,,SPY,20260324,653,C,1.45,49,1.47,296,03/24/2026 14:15:24
2026-03-24 18:15:24.462305,,SPY,20260324,653,C,1.45,199,1.47,296,03/24/2026 14:15:24
2026-03-24 18:15:24.462325,,SPY,20260324,653,C,1.45,199,1.47,296,03/24/2026 14:15:24
2026-03-24 18:15:24.567126,,SPY,20260324,653,C,1.45,262,1.47,296,03/24/2026 14:15:24
2026-03-24 18:15:24.567181,,SPY,20260324,653,C,1.45,262,1.47,80,03/24/2026 14:15:24
2026-03-24 18:15:24.801014,,SPY,20260324,653,C,1.45,214,1.47,80,03/24/2026 14:15:24
2026-03-24 18:15:24.801039,,SPY,20260324,653,C,1.45,214,1.47,327,03/24/2026 14:15:24
2026-03-24 18:15:25.081106,,SPY,20260324,653,C,1.45,214,1.46,2,03/24/2026 14:15:25
2026-03-24 18:15:25.081115,,SPY,20260324,653,C,1.45,86,1.46,2,03/24/2026 14:15:25
2026-03-24 18:15:25.081124,,SPY,20260324,653,C,1.45,86,1.46,2,03/24/2026 14:15:25
2026-03-24 18:15:25.161763,,SPY,20260324,653,C,1.44,123,1.46,2,03/24/2026 14:15:25
2026-03-24 18:15:25.161783,,SPY,20260324,653,C,1.44,123,1.46,2,03/24/2026 14:15:25
2026-03-24 18:15:25.161794,,SPY,20260324,653,C,1.44,123,1.46,416,03/24/2026 14:15:25
2026-03-24 18:15:25.674838,,SPY,20260324,653,C,1.44,123,1.45,7,03/24/2026 14:15:25
2026-03-24 18:15:25.674847,,SPY,20260324,653,C,1.44,72,1.45,7,03/24/2026 14:15:25
2026-03-24 18:15:25.674854,,SPY,20260324,653,C,1.44,72,1.45,7,03/24/2026 14:15:25
2026-03-24 18:15:25.763253,,SPY,20260324,653,C,1.43,355,1.45,7,03/24/2026 14:15:25
2026-03-24 18:15:25.763261,,SPY,20260324,653,C,1.43,355,1.45,7,03/24/2026 14:15:25
2026-03-24 18:15:25.763269,,SPY,20260324,653,C,1.43,355,1.45,426,03/24/2026 14:15:25
2026-03-24 18:15:25.862843,,SPY,20260324,653,C,1.44,9,1.45,426,03/24/2026 14:15:25
2026-03-24 18:15:25.862850,,SPY,20260324,653,C,1.44,9,1.45,426,03/24/2026 14:15:25
2026-03-24 18:15:25.862856,,SPY,20260324,653,C,1.44,9,1.45,447,03/24/2026 14:15:25
2026-03-24 18:15:25.963243,,SPY,20260324,653,C,1.44,9,1.46,241,03/24/2026 14:15:25
2026-03-24 18:15:25.963249,,SPY,20260324,653,C,1.44,402,1.46,241,03/24/2026 14:15:25
2026-03-24 18:15:25.963256,,SPY,20260324,653,C,1.44,402,1.46,241,03/24/2026 14:15:25
2026-03-24 18:15:26.058333,,SPY,20260324,653,C,1.45,4,1.46,241,03/24/2026 14:15:26
2026-03-24 18:15:26.058347,,SPY,20260324,653,C,1.45,4,1.46,241,03/24/2026 14:15:26
2026-03-24 18:15:26.058361,,SPY,20260324,653,C,1.45,4,1.46,478,03/24/2026 14:15:26
2026-03-24 18:15:26.163399,,SPY,20260324,653,C,1.44,5,1.46,478,03/24/2026 14:15:26
2026-03-24 18:15:26.163410,,SPY,20260324,653,C,1.44,5,1.45,128,03/24/2026 14:15:26
2026-03-24 18:15:26.163419,,SPY,20260324,653,C,1.44,5,1.45,128,03/24/2026 14:15:26
2026-03-24 18:15:26.163428,,SPY,20260324,653,C,1.44,5,1.45,128,03/24/2026 14:15:26
2026-03-24 18:15:26.565860,,SPY,20260324,653,C,1.44,5,1.45,195,03/24/2026 14:15:26
2026-03-24 18:15:26.666977,,SPY,20260324,653,C,1.44,5,1.46,805,03/24/2026 14:15:26
2026-03-24 18:15:26.667003,,SPY,20260324,653,C,1.44,144,1.46,805,03/24/2026 14:15:26
2026-03-24 18:15:26.667028,,SPY,20260324,653,C,1.44,144,1.46,805,03/24/2026 14:15:26
2026-03-24 18:15:26.805492,,SPY,20260324,653,C,1.44,144,1.45,2,03/24/2026 14:15:26
2026-03-24 18:15:26.805516,,SPY,20260324,653,C,1.44,57,1.45,2,03/24/2026 14:15:26
2026-03-24 18:15:26.805541,,SPY,20260324,653,C,1.44,57,1.45,2,03/24/2026 14:15:26
2026-03-24 18:15:27.266581,,SPY,20260324,653,C,1.45,115,1.47,523,03/24/2026 14:15:27
2026-03-24 18:15:27.266632,,SPY,20260324,653,C,1.45,115,1.47,523,03/24/2026 14:15:27
2026-03-24 18:15:27.266685,,SPY,20260324,653,C,1.45,115,1.47,523,03/24/2026 14:15:27
2026-03-24 18:15:27.367186,,SPY,20260324,653,C,1.45,107,1.47,523,03/24/2026 14:15:27
2026-03-24 18:15:27.367211,,SPY,20260324,653,C,1.45,107,1.47,629,03/24/2026 14:15:27
2026-03-24 18:15:27.503518,,SPY,20260324,653,C,1.46,5,1.47,629,03/24/2026 14:15:27
2026-03-24 18:15:27.503543,,SPY,20260324,653,C,1.46,5,1.47,629,03/24/2026 14:15:27
2026-03-24 18:15:27.503568,,SPY,20260324,653,C,1.46,5,1.47,374,03/24/2026 14:15:27
2026-03-24 18:15:27.598523,,SPY,20260324,653,C,1.45,317,1.47,374,03/24/2026 14:15:27
2026-03-24 18:15:27.598548,,SPY,20260324,653,C,1.45,317,1.47,374,03/24/2026 14:15:27
2026-03-24 18:15:27.598573,,SPY,20260324,653,C,1.45,317,1.47,442,03/24/2026 14:15:27
2026-03-24 18:15:27.666415,,SPY,20260324,653,C,1.45,317,1.46,5,03/24/2026 14:15:27
2026-03-24 18:15:27.666440,,SPY,20260324,653,C,1.45,220,1.46,5,03/24/2026 14:15:27
2026-03-24 18:15:27.666466,,SPY,20260324,653,C,1.45,220,1.46,5,03/24/2026 14:15:27
2026-03-24 18:15:27.812290,,SPY,20260324,653,C,1.45,62,1.46,5,03/24/2026 14:15:27
2026-03-24 18:15:27.966585,,SPY,20260324,653,C,1.45,71,1.46,5,03/24/2026 14:15:27
2026-03-24 18:15:28.070554,,SPY,20260324,653,C,1.44,171,1.46,5,03/24/2026 14:15:28
2026-03-24 18:15:28.070596,,SPY,20260324,653,C,1.44,171,1.45,2,03/24/2026 14:15:28
2026-03-24 18:15:28.070626,,SPY,20260324,653,C,1.44,171,1.45,2,03/24/2026 14:15:28
2026-03-24 18:15:28.070657,,SPY,20260324,653,C,1.44,171,1.45,2,03/24/2026 14:15:28
2026-03-24 18:15:28.298128,,SPY,20260324,653,C,1.43,381,1.45,2,03/24/2026 14:15:28
2026-03-24 18:15:28.298183,,SPY,20260324,653,C,1.43,381,1.45,2,03/24/2026 14:15:28
2026-03-24 18:15:28.298235,,SPY,20260324,653,C,1.43,381,1.45,305,03/24/2026 14:15:28
2026-03-24 18:15:28.406749,,SPY,20260324,653,C,1.44,5,1.45,305,03/24/2026 14:15:28
2026-03-24 18:15:28.406774,,SPY,20260324,653,C,1.44,5,1.45,305,03/24/2026 14:15:28
2026-03-24 18:15:28.406799,,SPY,20260324,653,C,1.44,5,1.45,325,03/24/2026 14:15:28
2026-03-24 18:15:28.470973,,SPY,20260324,653,C,1.43,263,1.45,325,03/24/2026 14:15:28
2026-03-24 18:15:28.471715,,SPY,20260324,653,C,1.43,263,1.45,325,03/24/2026 14:15:28
2026-03-24 18:15:28.471789,,SPY,20260324,653,C,1.43,263,1.45,650,03/24/2026 14:15:28
2026-03-24 18:15:28.604653,,SPY,20260324,653,C,1.43,263,1.44,36,03/24/2026 14:15:28
2026-03-24 18:15:28.604696,,SPY,20260324,653,C,1.43,116,1.44,36,03/24/2026 14:15:28
2026-03-24 18:15:28.604725,,SPY,20260324,653,C,1.43,116,1.44,36,03/24/2026 14:15:28
2026-03-24 18:15:28.707129,,SPY,20260324,653,C,1.42,661,1.44,36,03/24/2026 14:15:28
2026-03-24 18:15:28.707153,,SPY,20260324,653,C,1.42,661,1.44,36,03/24/2026 14:15:28
2026-03-24 18:15:28.707178,,SPY,20260324,653,C,1.42,661,1.44,71,03/24/2026 14:15:28
2026-03-24 18:15:28.768832,,SPY,20260324,653,C,1.44,2,1.45,247,03/24/2026 14:15:28
2026-03-24 18:15:28.768865,,SPY,20260324,653,C,1.44,2,1.45,247,03/24/2026 14:15:28
2026-03-24 18:15:28.768895,,SPY,20260324,653,C,1.44,2,1.45,247,03/24/2026 14:15:28
2026-03-24 18:15:28.969018,,SPY,20260324,653,C,1.43,340,1.45,247,03/24/2026 14:15:28
2026-03-24 18:15:28.969106,,SPY,20260324,653,C,1.43,340,1.45,247,03/24/2026 14:15:28
2026-03-24 18:15:28.969144,,SPY,20260324,653,C,1.43,340,1.45,469,03/24/2026 14:15:28
2026-03-24 18:15:29.915320,,SPY,20260324,653,C,1.44,36,1.45,469,03/24/2026 14:15:29
2026-03-24 18:15:29.915336,,SPY,20260324,653,C,1.44,36,1.45,469,03/24/2026 14:15:29
2026-03-24 18:15:29.915353,,SPY,20260324,653,C,1.44,36,1.45,64,03/24/2026 14:15:29
2026-03-24 18:15:29.971448,,SPY,20260324,653,C,1.45,2,1.46,4,03/24/2026 14:15:29
2026-03-24 18:15:29.971463,,SPY,20260324,653,C,1.45,2,1.46,4,03/24/2026 14:15:29
2026-03-24 18:15:29.971478,,SPY,20260324,653,C,1.45,2,1.46,4,03/24/2026 14:15:29
2026-03-24 18:15:30.073532,,SPY,20260324,653,C,1.46,2,1.47,34,03/24/2026 14:15:30
2026-03-24 18:15:30.073556,,SPY,20260324,653,C,1.46,2,1.47,34,03/24/2026 14:15:30
2026-03-24 18:15:30.165667,,SPY,20260324,653,C,1.47,56,1.48,134,03/24/2026 14:15:30
2026-03-24 18:15:30.165679,,SPY,20260324,653,C,1.47,56,1.48,134,03/24/2026 14:15:30
2026-03-24 18:15:30.165691,,SPY,20260324,653,C,1.47,56,1.48,134,03/24/2026 14:15:30
2026-03-24 18:15:30.269978,,SPY,20260324,653,C,1.47,199,1.48,134,03/24/2026 14:15:30
2026-03-24 18:15:30.270003,,SPY,20260324,653,C,1.47,199,1.48,5,03/24/2026 14:15:30
2026-03-24 18:15:30.414235,,SPY,20260324,653,C,1.46,771,1.48,5,03/24/2026 14:15:30
2026-03-24 18:15:30.414267,,SPY,20260324,653,C,1.46,771,1.48,5,03/24/2026 14:15:30
2026-03-24 18:15:30.414294,,SPY,20260324,653,C,1.46,771,1.48,301,03/24/2026 14:15:30
2026-03-24 18:15:30.604385,,SPY,20260324,653,C,1.46,771,1.47,7,03/24/2026 14:15:30
2026-03-24 18:15:30.604409,,SPY,20260324,653,C,1.46,133,1.47,7,03/24/2026 14:15:30
2026-03-24 18:15:30.604434,,SPY,20260324,653,C,1.46,133,1.47,7,03/24/2026 14:15:30
2026-03-24 18:15:30.672207,,SPY,20260324,653,C,1.44,203,1.47,7,03/24/2026 14:15:30
2026-03-24 18:15:30.672232,,SPY,20260324,653,C,1.44,203,1.45,2,03/24/2026 14:15:30
2026-03-24 18:15:30.672253,,SPY,20260324,653,C,1.44,203,1.45,2,03/24/2026 14:15:30
2026-03-24 18:15:30.672273,,SPY,20260324,653,C,1.44,203,1.45,2,03/24/2026 14:15:30
2026-03-24 18:15:30.809868,,SPY,20260324,653,C,1.44,48,1.45,2,03/24/2026 14:15:30
2026-03-24 18:15:30.809893,,SPY,20260324,653,C,1.44,48,1.45,43,03/24/2026 14:15:30
2026-03-24 18:15:30.873540,,SPY,20260324,653,C,1.42,273,1.45,43,03/24/2026 14:15:30
2026-03-24 18:15:30.873587,,SPY,20260324,653,C,1.42,273,1.44,296,03/24/2026 14:15:30
2026-03-24 18:15:30.873625,,SPY,20260324,653,C,1.42,273,1.44,296,03/24/2026 14:15:30
2026-03-24 18:15:30.873664,,SPY,20260324,653,C,1.42,273,1.44,296,03/24/2026 14:15:30
2026-03-24 18:15:30.972004,,SPY,20260324,653,C,1.42,273,1.43,4,03/24/2026 14:15:30
2026-03-24 18:15:30.972041,,SPY,20260324,653,C,1.42,127,1.43,4,03/24/2026 14:15:30
2026-03-24 18:15:30.972079,,SPY,20260324,653,C,1.42,127,1.43,4,03/24/2026 14:15:30
2026-03-24 18:15:31.204017,,SPY,20260324,653,C,1.4,626,1.43,4,03/24/2026 14:15:31
2026-03-24 18:15:31.204048,,SPY,20260324,653,C,1.4,626,1.42,138,03/24/2026 14:15:31
2026-03-24 18:15:31.204073,,SPY,20260324,653,C,1.4,626,1.42,138,03/24/2026 14:15:31
2026-03-24 18:15:31.204099,,SPY,20260324,653,C,1.4,626,1.42,138,03/24/2026 14:15:31
2026-03-24 18:15:31.318416,,SPY,20260324,653,C,1.4,626,1.41,52,03/24/2026 14:15:31
2026-03-24 18:15:31.318455,,SPY,20260324,653,C,1.4,285,1.41,52,03/24/2026 14:15:31
2026-03-24 18:15:31.318506,,SPY,20260324,653,C,1.4,285,1.41,52,03/24/2026 14:15:31
2026-03-24 18:15:31.610632,,SPY,20260324,653,C,1.4,285,1.42,752,03/24/2026 14:15:31
2026-03-24 18:15:31.610665,,SPY,20260324,653,C,1.4,220,1.42,752,03/24/2026 14:15:31
2026-03-24 18:15:31.610709,,SPY,20260324,653,C,1.4,220,1.42,752,03/24/2026 14:15:31
2026-03-24 18:15:31.809695,,SPY,20260324,653,C,1.41,61,1.42,752,03/24/2026 14:15:31
2026-03-24 18:15:31.809720,,SPY,20260324,653,C,1.41,61,1.42,752,03/24/2026 14:15:31
2026-03-24 18:15:31.809745,,SPY,20260324,653,C,1.41,61,1.42,89,03/24/2026 14:15:31
2026-03-24 18:15:31.871653,,SPY,20260324,653,C,1.4,366,1.42,89,03/24/2026 14:15:31
2026-03-24 18:15:31.871718,,SPY,20260324,653,C,1.4,366,1.42,89,03/24/2026 14:15:31
2026-03-24 18:15:31.871747,,SPY,20260324,653,C,1.4,366,1.42,578,03/24/2026 14:15:31
2026-03-24 18:15:32.272757,,SPY,20260324,653,C,1.4,1165,1.42,578,03/24/2026 14:15:32
2026-03-24 18:15:32.272783,,SPY,20260324,653,C,1.4,1165,1.42,27,03/24/2026 14:15:32
2026-03-24 18:15:32.778768,,SPY,20260324,653,C,1.41,7,1.42,27,03/24/2026 14:15:32
2026-03-24 18:15:32.778822,,SPY,20260324,653,C,1.41,7,1.42,27,03/24/2026 14:15:32
2026-03-24 18:15:32.778876,,SPY,20260324,653,C,1.41,7,1.42,77,03/24/2026 14:15:32
2026-03-24 18:15:33.281123,,SPY,20260324,653,C,1.4,748,1.42,77,03/24/2026 14:15:33
2026-03-24 18:15:33.281174,,SPY,20260324,653,C,1.4,748,1.42,77,03/24/2026 14:15:33
2026-03-24 18:15:33.281232,,SPY,20260324,653,C,1.4,748,1.42,328,03/24/2026 14:15:33
2026-03-24 18:15:33.593023,,SPY,20260324,653,C,1.39,327,1.42,328,03/24/2026 14:15:33
2026-03-24 18:15:33.593062,,SPY,20260324,653,C,1.39,327,1.41,235,03/24/2026 14:15:33
2026-03-24 18:15:33.593093,,SPY,20260324,653,C,1.39,327,1.41,235,03/24/2026 14:15:33
2026-03-24 18:15:33.593121,,SPY,20260324,653,C,1.39,327,1.41,235,03/24/2026 14:15:33
2026-03-24 18:15:33.738446,,SPY,20260324,653,C,1.4,5,1.41,235,03/24/2026 14:15:33
2026-03-24 18:15:33.738483,,SPY,20260324,653,C,1.4,5,1.41,235,03/24/2026 14:15:33
2026-03-24 18:15:33.738515,,SPY,20260324,653,C,1.4,5,1.41,167,03/24/2026 14:15:33
2026-03-24 18:15:33.771768,,SPY,20260324,653,C,1.39,156,1.41,167,03/24/2026 14:15:33
2026-03-24 18:15:33.771798,,SPY,20260324,653,C,1.39,156,1.4,7,03/24/2026 14:15:33
2026-03-24 18:15:33.771822,,SPY,20260324,653,C,1.39,156,1.4,7,03/24/2026 14:15:33
2026-03-24 18:15:33.771847,,SPY,20260324,653,C,1.39,156,1.4,7,03/24/2026 14:15:33
2026-03-24 18:15:33.942847,,SPY,20260324,653,C,1.4,2,1.41,75,03/24/2026 14:15:33
2026-03-24 18:15:33.942873,,SPY,20260324,653,C,1.4,2,1.41,75,03/24/2026 14:15:33
2026-03-24 18:15:33.942890,,SPY,20260324,653,C,1.4,2,1.41,75,03/24/2026 14:15:33
2026-03-24 18:15:33.996385,,SPY,20260324,653,C,1.39,896,1.41,75,03/24/2026 14:15:33
2026-03-24 18:15:33.996443,,SPY,20260324,653,C,1.39,896,1.41,75,03/24/2026 14:15:33
2026-03-24 18:15:33.996500,,SPY,20260324,653,C,1.39,896,1.41,68,03/24/2026 14:15:33
2026-03-24 18:15:34.080735,,SPY,20260324,653,C,1.39,896,1.4,43,03/24/2026 14:15:34
2026-03-24 18:15:34.080765,,SPY,20260324,653,C,1.39,143,1.4,43,03/24/2026 14:15:34
2026-03-24 18:15:34.080809,,SPY,20260324,653,C,1.39,143,1.4,43,03/24/2026 14:15:34
2026-03-24 18:15:34.224571,,SPY,20260324,653,C,1.38,144,1.4,43,03/24/2026 14:15:34
2026-03-24 18:15:34.224634,,SPY,20260324,653,C,1.38,144,1.39,4,03/24/2026 14:15:34
2026-03-24 18:15:34.224684,,SPY,20260324,653,C,1.38,144,1.39,4,03/24/2026 14:15:34
2026-03-24 18:15:34.224736,,SPY,20260324,653,C,1.38,144,1.39,4,03/24/2026 14:15:34
2026-03-24 18:15:34.320363,,SPY,20260324,653,C,1.39,46,1.4,84,03/24/2026 14:15:34
2026-03-24 18:15:34.320392,,SPY,20260324,653,C,1.39,46,1.4,84,03/24/2026 14:15:34
2026-03-24 18:15:34.320418,,SPY,20260324,653,C,1.39,46,1.4,84,03/24/2026 14:15:34
2026-03-24 18:15:34.581644,,SPY,20260324,653,C,1.38,522,1.4,84,03/24/2026 14:15:34
2026-03-24 18:15:34.581695,,SPY,20260324,653,C,1.38,522,1.4,84,03/24/2026 14:15:34
2026-03-24 18:15:34.581748,,SPY,20260324,653,C,1.38,522,1.4,317,03/24/2026 14:15:34
2026-03-24 18:15:34.716064,,SPY,20260324,653,C,1.38,522,1.39,7,03/24/2026 14:15:34
2026-03-24 18:15:34.716101,,SPY,20260324,653,C,1.38,350,1.39,7,03/24/2026 14:15:34
2026-03-24 18:15:34.716139,,SPY,20260324,653,C,1.38,350,1.39,7,03/24/2026 14:15:34
2026-03-24 18:15:34.980843,,SPY,20260324,653,C,1.38,36,1.39,7,03/24/2026 14:15:34
2026-03-24 18:15:34.980887,,SPY,20260324,653,C,1.38,36,1.39,282,03/24/2026 14:15:34
2026-03-24 18:15:35.122744,,SPY,20260324,653,C,1.38,36,1.4,339,03/24/2026 14:15:35
2026-03-24 18:15:35.122781,,SPY,20260324,653,C,1.38,522,1.4,339,03/24/2026 14:15:35
2026-03-24 18:15:35.122820,,SPY,20260324,653,C,1.38,522,1.4,339,03/24/2026 14:15:35
2026-03-24 18:15:35.305846,,SPY,20260324,653,C,1.39,240,1.4,339,03/24/2026 14:15:35
2026-03-24 18:15:35.305870,,SPY,20260324,653,C,1.39,240,1.4,339,03/24/2026 14:15:35
2026-03-24 18:15:35.305895,,SPY,20260324,653,C,1.39,240,1.4,2,03/24/2026 14:15:35
2026-03-24 18:15:35.380887,,SPY,20260324,653,C,1.38,1010,1.4,2,03/24/2026 14:15:35
2026-03-24 18:15:35.380924,,SPY,20260324,653,C,1.38,1010,1.4,2,03/24/2026 14:15:35
2026-03-24 18:15:35.380962,,SPY,20260324,653,C,1.38,1010,1.4,93,03/24/2026 14:15:35
2026-03-24 18:15:35.479896,,SPY,20260324,653,C,1.4,26,1.41,187,03/24/2026 14:15:35
2026-03-24 18:15:35.479926,,SPY,20260324,653,C,1.4,26,1.41,187,03/24/2026 14:15:35
2026-03-24 18:15:35.479956,,SPY,20260324,653,C,1.4,26,1.41,187,03/24/2026 14:15:35
2026-03-24 18:15:35.622409,,SPY,20260324,653,C,1.41,62,1.43,136,03/24/2026 14:15:35
2026-03-24 18:15:35.622433,,SPY,20260324,653,C,1.41,62,1.43,136,03/24/2026 14:15:35
2026-03-24 18:15:35.622458,,SPY,20260324,653,C,1.41,62,1.43,136,03/24/2026 14:15:35
2026-03-24 18:15:35.716072,,SPY,20260324,653,C,1.42,118,1.43,136,03/24/2026 14:15:35
2026-03-24 18:15:35.716101,,SPY,20260324,653,C,1.42,118,1.43,136,03/24/2026 14:15:35
2026-03-24 18:15:35.716135,,SPY,20260324,653,C,1.42,118,1.43,2,03/24/2026 14:15:35
2026-03-24 18:15:36.016641,,SPY,20260324,653,C,1.42,122,1.43,2,03/24/2026 14:15:36
2026-03-24 18:15:36.016695,,SPY,20260324,653,C,1.42,122,1.43,9,03/24/2026 14:15:36
2026-03-24 18:15:36.078869,,SPY,20260324,653,C,1.42,9,1.43,9,03/24/2026 14:15:36
2026-03-24 18:15:36.078935,,SPY,20260324,653,C,1.42,9,1.43,263,03/24/2026 14:15:36
2026-03-24 18:15:36.581049,,SPY,20260324,653,C,1.42,9,1.44,989,03/24/2026 14:15:36
2026-03-24 18:15:36.581085,,SPY,20260324,653,C,1.42,170,1.44,989,03/24/2026 14:15:36
2026-03-24 18:15:36.581123,,SPY,20260324,653,C,1.42,170,1.44,989,03/24/2026 14:15:36
2026-03-24 18:15:36.717278,,SPY,20260324,653,C,1.42,170,1.43,9,03/24/2026 14:15:36
2026-03-24 18:15:36.717332,,SPY,20260324,653,C,1.42,38,1.43,9,03/24/2026 14:15:36
2026-03-24 18:15:36.717386,,SPY,20260324,653,C,1.42,38,1.43,9,03/24/2026 14:15:36
2026-03-24 18:15:36.820263,,SPY,20260324,653,C,1.41,325,1.43,9,03/24/2026 14:15:36
2026-03-24 18:15:36.820300,,SPY,20260324,653,C,1.41,325,1.43,9,03/24/2026 14:15:36
2026-03-24 18:15:36.820338,,SPY,20260324,653,C,1.41,325,1.43,75,03/24/2026 14:15:36
2026-03-24 18:15:36.916828,,SPY,20260324,653,C,1.41,145,1.43,75,03/24/2026 14:15:36
2026-03-24 18:15:36.916845,,SPY,20260324,653,C,1.41,145,1.43,361,03/24/2026 14:15:36
2026-03-24 18:15:37.020316,,SPY,20260324,653,C,1.42,9,1.43,361,03/24/2026 14:15:37
2026-03-24 18:15:37.020354,,SPY,20260324,653,C,1.42,9,1.43,361,03/24/2026 14:15:37
2026-03-24 18:15:37.020393,,SPY,20260324,653,C,1.42,9,1.43,120,03/24/2026 14:15:37
2026-03-24 18:15:37.081826,,SPY,20260324,653,C,1.41,121,1.43,120,03/24/2026 14:15:37
2026-03-24 18:15:37.081850,,SPY,20260324,653,C,1.41,121,1.43,120,03/24/2026 14:15:37
2026-03-24 18:15:37.081875,,SPY,20260324,653,C,1.41,121,1.43,382,03/24/2026 14:15:37
2026-03-24 18:15:37.217507,,SPY,20260324,653,C,1.41,121,1.42,78,03/24/2026 14:15:37
2026-03-24 18:15:37.217565,,SPY,20260324,653,C,1.41,147,1.42,78,03/24/2026 14:15:37
2026-03-24 18:15:37.217619,,SPY,20260324,653,C,1.41,147,1.42,78,03/24/2026 14:15:37
2026-03-24 18:15:37.280651,,SPY,20260324,653,C,1.41,147,1.43,472,03/24/2026 14:15:37
2026-03-24 18:15:37.280676,,SPY,20260324,653,C,1.41,210,1.43,472,03/24/2026 14:15:37
2026-03-24 18:15:37.280701,,SPY,20260324,653,C,1.41,210,1.43,472,03/24/2026 14:15:37
2026-03-24 18:15:37.381779,,SPY,20260324,653,C,1.42,6,1.43,472,03/24/2026 14:15:37
2026-03-24 18:15:37.381830,,SPY,20260324,653,C,1.42,6,1.43,472,03/24/2026 14:15:37
2026-03-24 18:15:37.381891,,SPY,20260324,653,C,1.42,6,1.43,241,03/24/2026 14:15:37
2026-03-24 18:15:37.719219,,SPY,20260324,653,C,1.41,174,1.43,241,03/24/2026 14:15:37
2026-03-24 18:15:37.719285,,SPY,20260324,653,C,1.41,174,1.42,45,03/24/2026 14:15:37
2026-03-24 18:15:37.719336,,SPY,20260324,653,C,1.41,174,1.42,45,03/24/2026 14:15:37
2026-03-24 18:15:37.719388,,SPY,20260324,653,C,1.41,174,1.42,45,03/24/2026 14:15:37
2026-03-24 18:15:37.919210,,SPY,20260324,653,C,1.41,143,1.42,45,03/24/2026 14:15:37
2026-03-24 18:15:37.919263,,SPY,20260324,653,C,1.41,143,1.42,36,03/24/2026 14:15:37
2026-03-24 18:15:37.985040,,SPY,20260324,653,C,1.41,9,1.42,36,03/24/2026 14:15:37
2026-03-24 18:15:37.985070,,SPY,20260324,653,C,1.41,9,1.42,503,03/24/2026 14:15:37
2026-03-24 18:15:38.082705,,SPY,20260324,653,C,1.4,208,1.42,503,03/24/2026 14:15:38
2026-03-24 18:15:38.082757,,SPY,20260324,653,C,1.4,208,1.42,503,03/24/2026 14:15:38
2026-03-24 18:15:38.082810,,SPY,20260324,653,C,1.4,208,1.42,495,03/24/2026 14:15:38
2026-03-24 18:15:38.427938,,SPY,20260324,653,C,1.41,32,1.42,495,03/24/2026 14:15:38
2026-03-24 18:15:38.427963,,SPY,20260324,653,C,1.41,32,1.42,495,03/24/2026 14:15:38
2026-03-24 18:15:38.427988,,SPY,20260324,653,C,1.41,32,1.42,545,03/24/2026 14:15:38
2026-03-24 18:15:38.482182,,SPY,20260324,653,C,1.4,112,1.42,545,03/24/2026 14:15:38
2026-03-24 18:15:38.482218,,SPY,20260324,653,C,1.4,112,1.41,9,03/24/2026 14:15:38
2026-03-24 18:15:38.482248,,SPY,20260324,653,C,1.4,112,1.41,9,03/24/2026 14:15:38
2026-03-24 18:15:38.482279,,SPY,20260324,653,C,1.4,112,1.41,9,03/24/2026 14:15:38
2026-03-24 18:15:38.820962,,SPY,20260324,653,C,1.4,112,1.42,432,03/24/2026 14:15:38
2026-03-24 18:15:38.820986,,SPY,20260324,653,C,1.4,537,1.42,432,03/24/2026 14:15:38
2026-03-24 18:15:38.821012,,SPY,20260324,653,C,1.4,537,1.42,432,03/24/2026 14:15:38
2026-03-24 18:15:39.021468,,SPY,20260324,653,C,1.41,6,1.42,432,03/24/2026 14:15:39
2026-03-24 18:15:39.021493,,SPY,20260324,653,C,1.41,6,1.42,432,03/24/2026 14:15:39
2026-03-24 18:15:39.021518,,SPY,20260324,653,C,1.41,6,1.42,334,03/24/2026 14:15:39
2026-03-24 18:15:39.081952,,SPY,20260324,653,C,1.41,254,1.42,334,03/24/2026 14:15:39
2026-03-24 18:15:39.082043,,SPY,20260324,653,C,1.41,254,1.42,48,03/24/2026 14:15:39
2026-03-24 18:15:39.221336,,SPY,20260324,653,C,1.41,5,1.42,48,03/24/2026 14:15:39
2026-03-24 18:15:39.221368,,SPY,20260324,653,C,1.41,5,1.42,266,03/24/2026 14:15:39
2026-03-24 18:15:39.285314,,SPY,20260324,653,C,1.4,515,1.42,266,03/24/2026 14:15:39
2026-03-24 18:15:39.285352,,SPY,20260324,653,C,1.4,515,1.42,266,03/24/2026 14:15:39
2026-03-24 18:15:39.285393,,SPY,20260324,653,C,1.4,515,1.42,330,03/24/2026 14:15:39
2026-03-24 18:15:39.419409,,SPY,20260324,653,C,1.41,9,1.42,330,03/24/2026 14:15:39
2026-03-24 18:15:39.419477,,SPY,20260324,653,C,1.41,9,1.42,330,03/24/2026 14:15:39
2026-03-24 18:15:39.419507,,SPY,20260324,653,C,1.41,9,1.42,475,03/24/2026 14:15:39
2026-03-24 18:15:39.473457,,SPY,20260324,653,C,1.41,9,1.43,668,03/24/2026 14:15:39
2026-03-24 18:15:39.473484,,SPY,20260324,653,C,1.41,289,1.43,668,03/24/2026 14:15:39
2026-03-24 18:15:39.473510,,SPY,20260324,653,C,1.41,289,1.43,668,03/24/2026 14:15:39
2026-03-24 18:15:39.583182,,SPY,20260324,653,C,1.4,294,1.43,668,03/24/2026 14:15:39
2026-03-24 18:15:39.583220,,SPY,20260324,653,C,1.4,294,1.42,464,03/24/2026 14:15:39
2026-03-24 18:15:39.583251,,SPY,20260324,653,C,1.4,294,1.42,464,03/24/2026 14:15:39
2026-03-24 18:15:39.583282,,SPY,20260324,653,C,1.4,294,1.42,464,03/24/2026 14:15:39
2026-03-24 18:15:39.724921,,SPY,20260324,653,C,1.4,213,1.42,464,03/24/2026 14:15:39
2026-03-24 18:15:39.724957,,SPY,20260324,653,C,1.4,213,1.42,531,03/24/2026 14:15:39
2026-03-24 18:15:39.783714,,SPY,20260324,653,C,1.41,9,1.42,531,03/24/2026 14:15:39
2026-03-24 18:15:39.783817,,SPY,20260324,653,C,1.41,9,1.42,531,03/24/2026 14:15:39
2026-03-24 18:15:39.783877,,SPY,20260324,653,C,1.41,9,1.42,334,03/24/2026 14:15:39
2026-03-24 18:15:39.893087,,SPY,20260324,653,C,1.4,261,1.42,334,03/24/2026 14:15:39
2026-03-24 18:15:39.893118,,SPY,20260324,653,C,1.4,261,1.41,7,03/24/2026 14:15:39
2026-03-24 18:15:39.893143,,SPY,20260324,653,C,1.4,261,1.41,7,03/24/2026 14:15:39
2026-03-24 18:15:39.893168,,SPY,20260324,653,C,1.4,261,1.41,7,03/24/2026 14:15:39
2026-03-24 18:15:39.985259,,SPY,20260324,653,C,1.4,271,1.41,7,03/24/2026 14:15:39
2026-03-24 18:15:40.123643,,SPY,20260324,653,C,1.39,72,1.41,7,03/24/2026 14:15:40
2026-03-24 18:15:40.123672,,SPY,20260324,653,C,1.39,72,1.4,7,03/24/2026 14:15:40
2026-03-24 18:15:40.123696,,SPY,20260324,653,C,1.39,72,1.4,7,03/24/2026 14:15:40
2026-03-24 18:15:40.214007,,SPY,20260324,653,C,1.38,122,1.4,7,03/24/2026 14:15:40
2026-03-24 18:15:40.214043,,SPY,20260324,653,C,1.38,122,1.39,5,03/24/2026 14:15:40
2026-03-24 18:15:40.214073,,SPY,20260324,653,C,1.38,122,1.39,5,03/24/2026 14:15:40
2026-03-24 18:15:40.214100,,SPY,20260324,653,C,1.38,122,1.39,5,03/24/2026 14:15:40
2026-03-24 18:15:40.282054,,SPY,20260324,653,C,1.38,165,1.39,5,03/24/2026 14:15:40
2026-03-24 18:15:40.282087,,SPY,20260324,653,C,1.38,165,1.39,7,03/24/2026 14:15:40
2026-03-24 18:15:40.585836,,SPY,20260324,653,C,1.38,6,1.39,7,03/24/2026 14:15:40
2026-03-24 18:15:40.585861,,SPY,20260324,653,C,1.38,6,1.39,461,03/24/2026 14:15:40
2026-03-24 18:15:40.722648,,SPY,20260324,653,C,1.38,131,1.39,461,03/24/2026 14:15:40
2026-03-24 18:15:40.722673,,SPY,20260324,653,C,1.38,131,1.39,48,03/24/2026 14:15:40
2026-03-24 18:15:40.820531,,SPY,20260324,653,C,1.38,78,1.39,48,03/24/2026 14:15:40
2026-03-24 18:15:40.820556,,SPY,20260324,653,C,1.38,78,1.39,7,03/24/2026 14:15:40
2026-03-24 18:15:40.884031,,SPY,20260324,653,C,1.38,78,1.4,622,03/24/2026 14:15:40
2026-03-24 18:15:40.884082,,SPY,20260324,653,C,1.38,100,1.4,622,03/24/2026 14:15:40
2026-03-24 18:15:40.884135,,SPY,20260324,653,C,1.38,100,1.4,622,03/24/2026 14:15:40
2026-03-24 18:15:41.287874,,SPY,20260324,653,C,1.38,100,1.39,9,03/24/2026 14:15:41
2026-03-24 18:15:41.287898,,SPY,20260324,653,C,1.38,105,1.39,9,03/24/2026 14:15:41
2026-03-24 18:15:41.287923,,SPY,20260324,653,C,1.38,105,1.39,9,03/24/2026 14:15:41
2026-03-24 18:15:41.425347,,SPY,20260324,653,C,1.38,9,1.39,9,03/24/2026 14:15:41
2026-03-24 18:15:41.425368,,SPY,20260324,653,C,1.38,9,1.39,178,03/24/2026 14:15:41
2026-03-24 18:15:41.487067,,SPY,20260324,653,C,1.38,9,1.4,838,03/24/2026 14:15:41
2026-03-24 18:15:41.487092,,SPY,20260324,653,C,1.38,167,1.4,838,03/24/2026 14:15:41
2026-03-24 18:15:41.487117,,SPY,20260324,653,C,1.38,167,1.4,838,03/24/2026 14:15:41
2026-03-24 18:15:41.623932,,SPY,20260324,653,C,1.38,167,1.39,48,03/24/2026 14:15:41
2026-03-24 18:15:41.623958,,SPY,20260324,653,C,1.38,56,1.39,48,03/24/2026 14:15:41
2026-03-24 18:15:41.623984,,SPY,20260324,653,C,1.38,56,1.39,48,03/24/2026 14:15:41
2026-03-24 18:15:41.688553,,SPY,20260324,653,C,1.37,362,1.39,48,03/24/2026 14:15:41
2026-03-24 18:15:41.688583,,SPY,20260324,653,C,1.37,362,1.38,36,03/24/2026 14:15:41
2026-03-24 18:15:41.688607,,SPY,20260324,653,C,1.37,362,1.38,36,03/24/2026 14:15:41
2026-03-24 18:15:41.688632,,SPY,20260324,653,C,1.37,362,1.38,36,03/24/2026 14:15:41
2026-03-24 18:15:41.887078,,SPY,20260324,653,C,1.36,159,1.38,36,03/24/2026 14:15:41
2026-03-24 18:15:41.887103,,SPY,20260324,653,C,1.36,159,1.38,36,03/24/2026 14:15:41
2026-03-24 18:15:41.887129,,SPY,20260324,653,C,1.36,159,1.38,807,03/24/2026 14:15:41
2026-03-24 18:15:41.987375,,SPY,20260324,653,C,1.35,116,1.38,807,03/24/2026 14:15:41
2026-03-24 18:15:41.987406,,SPY,20260324,653,C,1.35,116,1.36,7,03/24/2026 14:15:41
2026-03-24 18:15:41.987431,,SPY,20260324,653,C,1.35,116,1.36,7,03/24/2026 14:15:41
2026-03-24 18:15:41.987456,,SPY,20260324,653,C,1.35,116,1.36,7,03/24/2026 14:15:41
2026-03-24 18:15:42.090045,,SPY,20260324,653,C,1.34,29,1.36,7,03/24/2026 14:15:42
2026-03-24 18:15:42.090074,,SPY,20260324,653,C,1.34,29,1.35,2,03/24/2026 14:15:42
2026-03-24 18:15:42.090098,,SPY,20260324,653,C,1.34,29,1.35,2,03/24/2026 14:15:42
2026-03-24 18:15:42.090122,,SPY,20260324,653,C,1.34,29,1.35,2,03/24/2026 14:15:42
2026-03-24 18:15:42.389491,,SPY,20260324,653,C,1.35,9,1.36,734,03/24/2026 14:15:42
2026-03-24 18:15:42.389514,,SPY,20260324,653,C,1.35,9,1.36,734,03/24/2026 14:15:42
2026-03-24 18:15:42.389539,,SPY,20260324,653,C,1.35,9,1.36,734,03/24/2026 14:15:42
2026-03-24 18:15:42.488108,,SPY,20260324,653,C,1.34,145,1.36,734,03/24/2026 14:15:42
2026-03-24 18:15:42.488138,,SPY,20260324,653,C,1.34,145,1.35,5,03/24/2026 14:15:42
2026-03-24 18:15:42.488162,,SPY,20260324,653,C,1.34,145,1.35,5,03/24/2026 14:15:42
2026-03-24 18:15:42.488186,,SPY,20260324,653,C,1.34,145,1.35,5,03/24/2026 14:15:42
2026-03-24 18:15:42.590114,,SPY,20260324,653,C,1.33,9,1.35,5,03/24/2026 14:15:42
2026-03-24 18:15:42.590143,,SPY,20260324,653,C,1.33,9,1.34,35,03/24/2026 14:15:42
2026-03-24 18:15:42.590167,,SPY,20260324,653,C,1.33,9,1.34,35,03/24/2026 14:15:42
2026-03-24 18:15:42.590191,,SPY,20260324,653,C,1.33,9,1.34,35,03/24/2026 14:15:42
2026-03-24 18:15:42.726443,,SPY,20260324,653,C,1.32,144,1.34,35,03/24/2026 14:15:42
2026-03-24 18:15:42.726477,,SPY,20260324,653,C,1.32,144,1.34,35,03/24/2026 14:15:42
2026-03-24 18:15:42.726503,,SPY,20260324,653,C,1.32,144,1.34,51,03/24/2026 14:15:42
2026-03-24 18:15:42.789132,,SPY,20260324,653,C,1.32,144,1.33,161,03/24/2026 14:15:42
2026-03-24 18:15:42.789156,,SPY,20260324,653,C,1.32,6,1.33,161,03/24/2026 14:15:42
2026-03-24 18:15:42.789182,,SPY,20260324,653,C,1.32,6,1.33,161,03/24/2026 14:15:42
2026-03-24 18:15:42.889959,,SPY,20260324,653,C,1.32,6,1.34,214,03/24/2026 14:15:42
2026-03-24 18:15:42.890003,,SPY,20260324,653,C,1.32,43,1.34,214,03/24/2026 14:15:42
2026-03-24 18:15:42.890038,,SPY,20260324,653,C,1.32,43,1.34,214,03/24/2026 14:15:42
2026-03-24 18:15:43.028138,,SPY,20260324,653,C,1.33,6,1.34,214,03/24/2026 14:15:43
2026-03-24 18:15:43.028176,,SPY,20260324,653,C,1.33,6,1.34,214,03/24/2026 14:15:43
2026-03-24 18:15:43.028214,,SPY,20260324,653,C,1.33,6,1.34,40,03/24/2026 14:15:43
2026-03-24 18:15:43.129024,,SPY,20260324,653,C,1.34,9,1.35,212,03/24/2026 14:15:43
2026-03-24 18:15:43.129061,,SPY,20260324,653,C,1.34,9,1.35,212,03/24/2026 14:15:43
2026-03-24 18:15:43.129100,,SPY,20260324,653,C,1.34,9,1.35,212,03/24/2026 14:15:43
2026-03-24 18:15:43.329764,,SPY,20260324,653,C,1.34,164,1.35,212,03/24/2026 14:15:43
2026-03-24 18:15:43.329802,,SPY,20260324,653,C,1.34,164,1.35,6,03/24/2026 14:15:43
2026-03-24 18:15:43.490441,,SPY,20260324,653,C,1.35,7,1.36,260,03/24/2026 14:15:43
2026-03-24 18:15:43.490492,,SPY,20260324,653,C,1.35,7,1.36,260,03/24/2026 14:15:43
2026-03-24 18:15:43.490545,,SPY,20260324,653,C,1.35,7,1.36,260,03/24/2026 14:15:43
2026-03-24 18:15:43.590143,,SPY,20260324,653,C,1.35,7,1.37,153,03/24/2026 14:15:43
2026-03-24 18:15:43.590171,,SPY,20260324,653,C,1.35,161,1.37,153,03/24/2026 14:15:43
2026-03-24 18:15:43.590198,,SPY,20260324,653,C,1.35,161,1.37,153,03/24/2026 14:15:43
2026-03-24 18:15:43.692168,,SPY,20260324,653,C,1.35,114,1.37,153,03/24/2026 14:15:43
2026-03-24 18:15:43.692194,,SPY,20260324,653,C,1.35,114,1.37,210,03/24/2026 14:15:43
2026-03-24 18:15:43.890566,,SPY,20260324,653,C,1.35,114,1.36,110,03/24/2026 14:15:43
2026-03-24 18:15:43.890590,,SPY,20260324,653,C,1.35,6,1.36,110,03/24/2026 14:15:43
2026-03-24 18:15:43.890615,,SPY,20260324,653,C,1.35,6,1.36,110,03/24/2026 14:15:43
2026-03-24 18:15:44.034488,,SPY,20260324,653,C,1.35,6,1.37,233,03/24/2026 14:15:44
2026-03-24 18:15:44.034544,,SPY,20260324,653,C,1.35,109,1.37,233,03/24/2026 14:15:44
2026-03-24 18:15:44.034598,,SPY,20260324,653,C,1.35,109,1.37,233,03/24/2026 14:15:44
2026-03-24 18:15:44.092749,,SPY,20260324,653,C,1.35,134,1.37,233,03/24/2026 14:15:44
2026-03-24 18:15:44.092775,,SPY,20260324,653,C,1.35,134,1.37,175,03/24/2026 14:15:44
2026-03-24 18:15:44.239508,,SPY,20260324,653,C,1.36,9,1.37,175,03/24/2026 14:15:44
2026-03-24 18:15:44.239543,,SPY,20260324,653,C,1.36,9,1.37,175,03/24/2026 14:15:44
2026-03-24 18:15:44.239571,,SPY,20260324,653,C,1.36,9,1.37,112,03/24/2026 14:15:44
2026-03-24 18:15:44.297336,,SPY,20260324,653,C,1.35,108,1.37,112,03/24/2026 14:15:44
2026-03-24 18:15:44.297399,,SPY,20260324,653,C,1.35,108,1.36,1,03/24/2026 14:15:44
2026-03-24 18:15:44.297449,,SPY,20260324,653,C,1.35,108,1.36,1,03/24/2026 14:15:44
2026-03-24 18:15:44.297501,,SPY,20260324,653,C,1.35,108,1.36,1,03/24/2026 14:15:44
2026-03-24 18:15:44.448776,,SPY,20260324,653,C,1.36,9,1.37,798,03/24/2026 14:15:44
2026-03-24 18:15:44.448801,,SPY,20260324,653,C,1.36,9,1.37,798,03/24/2026 14:15:44
2026-03-24 18:15:44.448826,,SPY,20260324,653,C,1.36,9,1.37,798,03/24/2026 14:15:44
2026-03-24 18:15:44.698763,,SPY,20260324,653,C,1.37,6,1.38,608,03/24/2026 14:15:44
2026-03-24 18:15:44.698789,,SPY,20260324,653,C,1.37,6,1.38,608,03/24/2026 14:15:44
2026-03-24 18:15:44.698814,,SPY,20260324,653,C,1.37,6,1.38,608,03/24/2026 14:15:44
2026-03-24 18:15:44.998122,,SPY,20260324,653,C,1.37,6,1.39,613,03/24/2026 14:15:44
2026-03-24 18:15:44.998157,,SPY,20260324,653,C,1.37,145,1.39,613,03/24/2026 14:15:44
2026-03-24 18:15:44.998186,,SPY,20260324,653,C,1.37,145,1.39,613,03/24/2026 14:15:44
2026-03-24 18:15:45.126532,,SPY,20260324,653,C,1.37,145,1.38,6,03/24/2026 14:15:45
2026-03-24 18:15:45.126593,,SPY,20260324,653,C,1.37,134,1.38,6,03/24/2026 14:15:45
2026-03-24 18:15:45.126666,,SPY,20260324,653,C,1.37,134,1.38,6,03/24/2026 14:15:45
2026-03-24 18:15:45.224143,,SPY,20260324,653,C,1.38,6,1.39,484,03/24/2026 14:15:45
2026-03-24 18:15:45.224169,,SPY,20260324,653,C,1.38,6,1.39,484,03/24/2026 14:15:45
2026-03-24 18:15:45.224194,,SPY,20260324,653,C,1.38,6,1.39,484,03/24/2026 14:15:45
2026-03-24 18:15:45.431152,,SPY,20260324,653,C,1.38,9,1.39,484,03/24/2026 14:15:45
2026-03-24 18:15:45.431213,,SPY,20260324,653,C,1.38,9,1.39,483,03/24/2026 14:15:45
2026-03-24 18:15:45.833927,,SPY,20260324,653,C,1.39,6,1.4,692,03/24/2026 14:15:45
2026-03-24 18:15:45.833977,,SPY,20260324,653,C,1.39,6,1.4,692,03/24/2026 14:15:45
2026-03-24 18:15:45.834026,,SPY,20260324,653,C,1.39,6,1.4,692,03/24/2026 14:15:45
2026-03-24 18:15:45.894167,,SPY,20260324,653,C,1.39,141,1.4,692,03/24/2026 14:15:45
2026-03-24 18:15:45.894196,,SPY,20260324,653,C,1.39,141,1.4,6,03/24/2026 14:15:45
2026-03-24 18:15:46.097520,,SPY,20260324,653,C,1.42,9,1.43,347,03/24/2026 14:15:46
2026-03-24 18:15:46.097565,,SPY,20260324,653,C,1.42,9,1.43,347,03/24/2026 14:15:46
2026-03-24 18:15:46.097603,,SPY,20260324,653,C,1.42,9,1.43,347,03/24/2026 14:15:46
2026-03-24 18:15:46.434124,,SPY,20260324,653,C,1.41,129,1.43,347,03/24/2026 14:15:46
2026-03-24 18:15:46.434154,,SPY,20260324,653,C,1.41,129,1.42,9,03/24/2026 14:15:46
2026-03-24 18:15:46.434179,,SPY,20260324,653,C,1.41,129,1.42,9,03/24/2026 14:15:46
2026-03-24 18:15:46.434205,,SPY,20260324,653,C,1.41,129,1.42,9,03/24/2026 14:15:46
2026-03-24 18:15:46.495864,,SPY,20260324,653,C,1.4,32,1.42,9,03/24/2026 14:15:46
2026-03-24 18:15:46.495927,,SPY,20260324,653,C,1.4,32,1.41,7,03/24/2026 14:15:46
2026-03-24 18:15:46.495977,,SPY,20260324,653,C,1.4,32,1.41,7,03/24/2026 14:15:46
2026-03-24 18:15:46.496029,,SPY,20260324,653,C,1.4,32,1.41,7,03/24/2026 14:15:46
2026-03-24 18:15:46.635078,,SPY,20260324,653,C,1.41,9,1.42,246,03/24/2026 14:15:46
2026-03-24 18:15:46.635122,,SPY,20260324,653,C,1.41,9,1.42,246,03/24/2026 14:15:46
2026-03-24 18:15:46.635161,,SPY,20260324,653,C,1.41,9,1.42,246,03/24/2026 14:15:46
2026-03-24 18:15:46.705983,,SPY,20260324,653,C,1.4,266,1.42,246,03/24/2026 14:15:46
2026-03-24 18:15:46.706013,,SPY,20260324,653,C,1.4,266,1.42,246,03/24/2026 14:15:46
2026-03-24 18:15:46.706040,,SPY,20260324,653,C,1.4,266,1.42,340,03/24/2026 14:15:46
2026-03-24 18:15:46.801927,,SPY,20260324,653,C,1.41,13,1.42,340,03/24/2026 14:15:46
2026-03-24 18:15:46.801983,,SPY,20260324,653,C,1.41,13,1.42,340,03/24/2026 14:15:46
2026-03-24 18:15:46.802045,,SPY,20260324,653,C,1.41,13,1.42,427,03/24/2026 14:15:46
2026-03-24 18:15:46.996949,,SPY,20260324,653,C,1.41,22,1.42,427,03/24/2026 14:15:46
2026-03-24 18:15:46.996998,,SPY,20260324,653,C,1.41,22,1.42,5,03/24/2026 14:15:46
2026-03-24 18:15:47.337712,,SPY,20260324,653,C,1.4,114,1.42,5,03/24/2026 14:15:47
2026-03-24 18:15:47.337744,,SPY,20260324,653,C,1.4,114,1.41,7,03/24/2026 14:15:47
2026-03-24 18:15:47.337769,,SPY,20260324,653,C,1.4,114,1.41,7,03/24/2026 14:15:47
2026-03-24 18:15:47.337794,,SPY,20260324,653,C,1.4,114,1.41,7,03/24/2026 14:15:47
2026-03-24 18:15:47.434899,,SPY,20260324,653,C,1.39,130,1.41,7,03/24/2026 14:15:47
2026-03-24 18:15:47.434925,,SPY,20260324,653,C,1.39,130,1.4,53,03/24/2026 14:15:47
2026-03-24 18:15:47.434945,,SPY,20260324,653,C,1.39,130,1.4,53,03/24/2026 14:15:47
2026-03-24 18:15:47.434965,,SPY,20260324,653,C,1.39,130,1.4,53,03/24/2026 14:15:47
2026-03-24 18:15:47.495670,,SPY,20260324,653,C,1.39,130,1.41,342,03/24/2026 14:15:47
2026-03-24 18:15:47.495736,,SPY,20260324,653,C,1.39,114,1.41,342,03/24/2026 14:15:47
2026-03-24 18:15:47.495795,,SPY,20260324,653,C,1.39,114,1.41,342,03/24/2026 14:15:47
2026-03-24 18:15:47.595716,,SPY,20260324,653,C,1.39,114,1.4,6,03/24/2026 14:15:47
2026-03-24 18:15:47.595773,,SPY,20260324,653,C,1.39,83,1.4,6,03/24/2026 14:15:47
2026-03-24 18:15:47.595828,,SPY,20260324,653,C,1.39,83,1.4,6,03/24/2026 14:15:47
